,平均气温,温差,天气
阿巴嘎,3.246726396,12.59751895,晴
阿坝,5.589421089,14.1712612,多云
阿城,4.766206897,10.71655172,晴
阿尔山,-1.394075095,13.19600413,晴
阿合奇,7.722356183,11.4646917,晴
阿克塞,11.18198455,15.62139081,晴
阿克苏,11.88529108,12.55390975,晴
阿克陶,11.52791178,13.66299104,晴
阿拉尔,11.27023769,15.42232174,晴
阿拉山口,9.430244575,9.111953152,晴
阿拉善右旗,9.609365559,11.82356495,晴
阿拉善左旗,7.839123867,10.10906344,晴
阿勒泰,5.396623019,12.05720193,晴
阿里,1.704443679,14.6179814,多云
阿旗,6.943851188,13.13193248,晴
阿荣旗,4.193009642,11.13326446,晴
阿图什,11.11694798,10.70099897,晴
阿瓦提,12.35700698,12.75586557,晴
爱民,5.672178988,11.73605707,晴
安达,4.87167989,10.45601932,晴
安定,8.926430048,12.03480358,晴
安多,-0.858766793,13.30967964,多云
安福,19.405,8.325172414,多云
安国,14.31226318,10.58250086,晴
安化,17.83114641,8.162292818,多云
安吉,17.23005921,9.004179728,多云
安居,18.2152231,7.375328084,多云
安康,16.84734666,9.066161268,多云
安龙,16.2590486,7.421923475,多云
安陆,17.28463129,8.481736733,多云
安宁,12.04626533,12.10367893,晴
安平,13.97123665,10.89045815,晴
安庆,17.4954688,7.343673754,多云
安丘,14.10199862,10.452102,晴
安仁,19.46566598,7.612491373,多云
安塞,10.11470892,13.78229418,晴
安顺,14.86310345,6.309655172,多云
安图,4.863636364,12.47727273,晴
安溪,22.63995174,8.470527404,多云
安县,17.24534804,7.688490696,多云
安乡,18.3631815,7.191511387,多云
安新,13.28615702,11.21969697,晴
安阳,15.10795455,10.10984848,晴
安义,18.38831437,8.49327818,晴
安源,19.35679099,8.247712878,多云
安远,20.60672414,8.518275862,多云
安岳,18.24155755,7.124052378,多云
安泽,10.8546832,14.30371901,晴
鞍山,11.03529614,8.617424242,晴
鞍山铁西,9.343446602,8.730582524,晴
昂昂溪,5.363018135,10.39054404,多云
昂仁,6.010370069,15.7596584,多云
敖汉,7.333103686,12.68687565,晴
八步,20.89415863,8.328510182,多云
八道江,5.811852332,12.81670984,晴
八公山,17.47374344,7.921230308,多云
八里罕,7.756114364,13.41646573,晴
八宿,11.65860106,12.41846279,多云
巴楚,12.96727523,13.42473303,晴
巴东,17.86172414,8.186206897,多云
巴里坤,3.959180158,13.00964519,晴
巴林右旗,6.522046159,12.39924216,晴
巴林左旗,6.853083018,12.4826042,晴
巴仑台,8.604670217,13.2920934,晴
巴马,21.63675911,8.231647635,多云
巴南,17.75697554,5.999655529,多云
巴青,1.90849939,13.2696218,多云
巴塘,14.46173733,15.3081696,多云
巴雅尔吐胡硕,5.164772727,11.99207989,晴
巴彦,4.064115822,11.03619442,晴
巴彦淖尔,7.119834711,12.49862259,晴
巴音布鲁克,-0.097657596,13.52566311,多云
巴中,17.80296245,8.160523596,多云
巴州,13.22859387,11.38256088,晴
鲅鱼圈,11.30861505,8.290076336,晴
霸州,12.98811574,11.87840165,晴
灞桥,15.43948035,9.773764259,多云
白城,6.274965565,11.79786501,晴
白河,16.52774905,10.2805929,多云
白碱滩,9.727328182,8.923546157,晴
白朗,6.688491257,15.20374136,多云
白山,5.234412677,12.6837754,晴
白水,12.72157133,10.50310131,多云
白塔,10.29689521,10.92238034,晴
白下,17.5347355,7.719566603,多云
白杨沟,5.082328626,10.18601447,晴
白银,9.684292112,12.0072339,晴
白玉,9.719827586,16.2962069,多云
白云,14.52894555,6.702963473,多云
白云鄂博,4.670685498,11.41370996,晴
百色,23.13371688,8.036610879,多云
柏乡,13.65220386,11.7107438,晴
拜城,9.214433345,13.94522907,晴
拜泉,2.917987595,10.36871123,多云
班戈,0.879351948,11.88279903,多云
班玛,4.772648984,15.437134,多云
蚌埠,16.19244166,8.724137931,多云
蚌山,16.6860687,8.889949109,多云
包河,17.52728426,8.327411168,多云
包头,8.641873278,12.70110193,晴
宝安,24.10270444,5.708306504,多云
宝坻,12.70695592,11.66735537,晴
宝丰,15.81708577,10.25008612,晴
宝国吐,8.472154472,12.10365854,晴
宝鸡,14.78746125,9.596279711,晴
宝清,4.72768011,9.944846605,晴
宝山,17.67774716,6.824319669,多云
宝塔,10.64780078,12.43919793,多云
宝兴,15.50017235,7.194760427,小雨
宝应,16.17431034,8.276206897,多云
保德,10.99862212,12.50499483,晴
保定,13.20709855,11.45003446,晴
保靖,17.41218081,7.701518288,多云
保康,16.59682977,10.35768436,多云
保山,17.60382891,11.06278027,晴
碑林,15.10200669,10.1884058,多云
北安,1.991376337,11.18109693,多云
北碚,18.98002067,6.924560799,多云
北辰,13.26815835,11.15869191,晴
北川,16.66988284,7.099241902,多云
北戴河,10.94677919,9.537375129,晴
北关,15.75738126,9.775353017,多云
北海,23.73719066,5.940048797,多云
北湖,19.04571797,6.911783645,多云
北京,13.58950086,10.12908778,晴
北林区,6.876623377,9.779220779,多云
北流,22.91916558,7.342242503,多云
北仑,18.06879136,6.951933124,多云
北票,9.728728901,12.22218395,晴
北市,13.57514268,11.50665821,晴
北塔,18.47802548,7.614649682,多云
北塘,17.64316239,7.694139194,多云
北镇,10.00913163,9.712956582,晴
本溪,8.929875948,10.75982081,晴
比如,3.882675885,14.17446116,多云
毕节,14.42,7.769655172,多云
碧江,15.63804052,6.826126399,多云
璧山,18.82564544,6.520137694,多云
边坝,8.400162668,13.55347702,多云
宾川,19.58204068,14.75043089,晴
宾县,4.873535493,10.3459683,晴
宾阳,21.80212483,7.133466135,多云
彬县,12.31456612,11.11535813,多云
滨城,14.53606965,10.85199005,晴
滨海,15.31323225,8.600964852,多云
滨湖,17.78400504,7.61209068,多云
滨江,18.69416244,7.654822335,多云
滨州,14.07940062,10.70099897,晴
波密,10.71770582,11.90527041,多云
泊头,14.35170513,10.11160868,晴
勃利,4.969837987,9.812823164,晴
亳州,16.12125436,9.028571429,多云
博爱,15.99586635,10.16672408,晴
博白,22.57970774,7.441049485,多云
博湖,9.558428128,13.65115477,晴
博克图,1.38167413,12.26317602,晴
博乐,6.084710744,11.73898072,晴
博罗,23.29869011,7.493622889,多云
博山,14.77498277,9.212956582,晴
博兴,14.83620393,10.13262143,晴
博野,14.82784553,10.51829268,晴
博州,7.881382561,11.00392773,晴
布尔津,5.741474337,11.77092663,晴
布拖,11.52792141,10.56153051,多云
蔡甸,17.75766977,8.027576698,多云
蔡家湖,7.898402294,12.45882835,晴
仓山,21.68686548,7.258248731,多云
苍南,19.14684339,7.129403558,多云
苍山,14.95470203,10.29245608,多云
苍梧,22.56123465,8.010620644,多云
苍溪,17.48534988,7.601516718,多云
沧浪,18.35659898,6.848984772,多云
沧县,14.53394309,10.31666667,晴
沧源,19.63125216,11.90893412,晴
沧州,14.06508264,10.36983471,晴
沧州新华,12.27750611,10.62836186,晴
曹妃甸,13.18447993,8.87018837,晴
曹县,15.28015162,10.10751206,多云
册亨,20.52464667,8.297828335,多云
策勒,13.71942818,13.26868756,晴
岑巩,17.56428818,8.14546708,多云
岑溪,22.44511401,8.417915309,多云
曾都,16.83653846,9.858974359,多云
茶陵,19.21369438,7.518109693,多云
察布查尔,10.50895625,13.52221839,晴
察雅,10.46034974,14.70923139,多云
察右后旗,5.710874869,12.47995817,晴
察右前旗,6.562565354,12.86650401,晴
察右中旗,3.428372255,11.84454514,晴
察隅,13.84395453,11.25111953,多云
禅城,23.53270725,6.862046632,多云
e河回族,16.25322581,9.559354839,晴
昌都,9.248535997,15.45539097,多云
昌吉,7.857167471,12.38973122,晴
昌江区,11.29080756,13.84793814,晴
昌乐,14.05651275,10.85251551,晴
昌黎,12.08198415,9.870478815,晴
昌宁,16.48197372,12.52459517,晴
昌平,13.49931106,10.41508784,晴
昌图,8.10513616,9.804894864,晴
昌邑,6.970265029,9.652230123,晴
常德,17.94651484,7.396135266,多云
常宁,19.32102175,7.108733172,多云
常山,18.39159986,8.489020565,多云
常熟,17.44232094,7.232438017,多云
常州,17.16023432,7.781529979,多云
巢湖,16.58829698,7.373741611,多云
朝天,16.75324675,8.407792208,多云
朝阳,6.423906151,10.36715282,晴
潮安,23.18986569,8.094831095,多云
潮南,23.88762953,6.363341969,多云
潮阳,23.51465012,6.255084454,多云
潮州,23.03482759,8.029655172,多云
郴州,19.20462388,7.085576259,多云
辰溪,18.31055901,7.555555556,多云
陈仓,14.51704545,9.995523416,晴
陈旗,-0.18515329,11.89149156,晴
称多,1.299715331,14.84343229,多云
成安,14.61707989,10.434573,晴
成都,17.50034471,7.865908307,多云
成华,18.75177994,7.410355987,多云
成山头,12.55754652,5.135079256,多云
成武,15.68394764,9.455390975,多云
成县,13.3616948,10.98725456,多云
呈贡,16.38749139,9.400068918,晴
承德,10.0198071,13.55322081,晴
城北,6.264227642,13.03116531,多云
城步,17.8728988,7.710806175,多云
城东,6.132646277,12.77992021,多云
城固,15.74578023,9.008611781,多云
城关,11.84526775,12.44396015,晴
城口,15.09559077,9.892869445,多云
城区,11.01462317,11.48706412,晴
城西,5.996755354,12.47371836,多云
城厢,22.19251119,6.476190476,多云
城阳,14.74362166,6.760423149,晴
城中,21.92747078,7.748671626,多云
城子河,5.630829016,10.06476684,多云
澄城,13.56409373,10.31357684,多云
澄海,22.7469838,5.920027577,多云
澄江,17.34356675,9.425319076,晴
池州,17.47734402,7.922272569,多云
茌平,14.38046848,10.77953841,晴
赤壁,18.47898001,7.882839421,多云
赤城,6.782024793,14.33195592,晴
赤峰,8.093663912,12.14738292,晴
赤坎,24.12596663,6.295889296,多云
赤水,18.84648518,6.799793246,多云
崇安,18.02724359,7.595512821,多云
崇川,17.20552732,7.695679797,多云
崇礼,4.911298657,13.76610403,晴
崇明,16.88274793,7.525826446,多云
崇仁,18.89724138,8.568275862,晴
崇武,21.2609445,5.143054119,多云
崇信,11.28005512,11.91181536,多云
崇阳,18.34855272,8.230530669,多云
崇义,20.44693315,8.881461061,多云
崇州,17.31695967,7.822475009,多云
崇左,23.37116457,8.044979079,多云
滁州,16.33832753,8.527526132,多云
楚雄,17.51465517,10.3837931,晴
楚州,15.67838676,8.625991038,多云
川汇,17.26363636,8.754231975,多云
船山,18.25243348,7.401687216,多云
船营,6.92076326,9.78072445,晴
淳安,18.1325784,7.477700348,多云
淳化,11.65461433,10.67975207,多云
慈利,18.51483782,8.276742581,多云
慈溪,18.03972125,7.512195122,多云
磁县,14.80216942,10.20902204,晴
枞阳,14.23737374,9.700104493,多云
从化,22.26447278,8.55375603,多云
从江,19.64322647,8.35298173,多云
丛台,15.53318152,10.14638907,晴
翠峦,2.125079365,12.36190476,多云
翠屏,19.1330305,6.72550292,多云
措美,5.721838146,14.49288329,多云
措勤,1.412362749,14.35868239,多云
错那,1.698070961,11.36789528,多云
达坂城,7.418877024,13.20771616,晴
达川,18.73637103,7.65093572,多云
达拉特,9.16431278,12.59180158,晴
达日,1.11832587,13.82121943,多云
达县,15.50223759,9.844995932,多云
达州,18.36147484,7.544452102,多云
达孜,9.484139894,14.33550224,多云
大安,18.90194175,6.658252427,多云
大柴旦,3.752584425,14.14472777,多云
大厂,12.61570248,11.5137741,晴
大城,11.19428178,11.19669308,晴
大东,9.442469295,11.67614738,晴
大方,13.1246122,6.8814202,多云
大丰,15.62887664,8.430737422,多云
大港,11.79734848,9.091253444,晴
大关,15.33007813,7.55859375,小雨
大观,17.74603175,7.456507937,多云
大化,22.28207885,8.304659498,多云
大理,16.07773182,11.16408135,晴
大荔,14.60527223,10.93625086,多云
大连,11.89944904,6.480027548,晴
大名,14.67821441,10.32850741,晴
大宁,11.90096452,14.07819497,晴
大埔,22.52068252,9.667356084,多云
大庆,5.637883488,9.63081696,晴
大石桥,10.22235618,10.1029969,晴
大堂,23.3619727,5.331265509,多云
大田,20.67769735,9.560151672,多云
大通,17.29282995,7.872461929,多云
大通回族,6.090494989,14.02125721,多云
大同,7.453997243,14.97622329,晴
大洼,10.17458678,8.6315427,晴
大武口,10.72011208,14.26836862,晴
大悟,16.86113025,8.88628532,多云
大祥,18.69233247,7.581829897,多云
大新,22.3251992,7.719455511,多云
大兴,13.45573545,10.51877368,晴
大兴安岭,0.692692175,13.8459152,多云
大姚,16.71731632,12.67299069,晴
大冶,18.1037931,8.062068966,多云
大邑,17.50964852,7.700206754,多云
大英,17.22491909,7.427184466,多云
大余,20.37293103,8.718275862,多云
大竹,17.66890727,7.372285419,多云
大足,17.79122203,7.30636833,多云
代县,9.989669421,13.31473829,晴
岱山,17.56711994,5.609832636,多云
岱岳,15.06190476,10.66349206,多云
带岭,2.58198315,12.43940376,多云
丹巴,15.50051706,13.23405722,多云
丹东,9.857093664,9.242424242,晴
丹凤,14.7224328,11.01137147,多云
丹江口,14.33103448,10.14758621,多云
丹棱,17.51689073,6.716649431,多云
丹徒,17.4196828,7.840585604,多云
丹阳,16.95125732,7.860489149,多云
丹寨,15.71664943,6.562564633,多云
单县,15.71123363,9.347346657,多云
郸城,16.4247071,8.794279807,晴
当涂,17.1768399,7.812347401,多云
当雄,3.485187737,14.89390286,多云
当阳,17.24698172,8.29251466,多云
砀山,15.29372822,9.853658537,多云
宕昌,11.34665748,12.20813232,多云
道孚,9.905205102,16.35642882,多云
道里,5.534650259,10.38147668,晴
道外,5.659753727,10.42255347,晴
道县,19.65377977,7.328960994,多云
道真,17.00723888,7.062392279,多云
稻城,6.402792141,14.56290934,多云
得荣,15.75077559,14.08479835,多云
德安,18.12224138,8.47,多云
德保,20.56339635,7.377770535,多云
德昌,18.80017241,11.86103448,晴
德格,8.518269562,14.628404,多云
德宏,21.45412211,11.78716799,晴
德化,19.72724138,8.508965517,多云
德惠,5.522375215,11.55283993,晴
德江,17.08948276,7.272068966,多云
德钦,7.791652294,10.93135564,阵雨
德清,17.33397213,8.020557491,多云
德庆,22.5507025,8.437385461,多云
德兴,18.85443256,9.217661263,晴
德阳,17.49344828,7.774482759,多云
德州,14.85136066,9.578711678,晴
灯塔,9.578684573,10.83987603,晴
登封,15.41632231,9.119146006,晴
邓州,16.31439394,9.492424242,晴
磴口,10.29583046,12.32632667,晴
滴道,5.667530784,9.867790019,多云
点军,17.67861675,8.150380711,多云
电白,23.86763185,6.465356774,多云
垫江,17.79813986,6.858422322,多云
钓鱼岛,21.86959429,5.425323228,多云
迭部,9.609541853,14.93041681,晴
叠彩,20.23931178,7.297184567,多云
丁青,5.230186079,13.16815989,多云
鼎城,18.48918575,7.461832061,多云
鼎湖,23.41182234,7.344872632,多云
定边,9.769893214,12.56906648,晴
定海,17.69884977,6.731265249,多云
定结,6.101667344,15.04107361,多云
定南,20.73189655,8.433448276,多云
定日,4.009989666,16.59937995,多云
定陶,15.09869101,10.25318636,多云
定西,8.976912474,11.99241902,晴
定襄,10.29321625,14.05406336,晴
定兴,13.3304878,11.47723577,晴
定远,16.31777003,8.197909408,多云
定州,13.88550275,10.72761708,晴
东阿,14.62379477,10.32816804,晴
东安,19.19699586,7.310428177,多云
东昌,7.189722043,11.52747253,晴
东城,13.83645766,10.31932773,晴
东川,20.92436251,11.98518263,多云
东丰,5.199448846,13.18498105,晴
东风,4.300458716,11.32306684,晴
东岗,5.298725895,11.38601928,晴
东港,14.91264295,6.914231258,多云
东莞,23.36595451,6.591316334,多云
东光,14.31336088,10.15082645,晴
东海,14.952102,8.970365265,多云
东河,8.745636716,13.00258565,晴
东湖,17.44403618,6.621254946,阴转多云
东兰,21.34518272,8.234551495,多云
东丽,14.19628099,9.245179063,晴
东辽,7.061382114,12.00731707,多云
东明,15.48622115,9.852221839,多云
东宁,6.223525354,11.49016902,多云
东平,14.91212957,10.12060648,多云
东坡,18.42843264,7.478626943,多云
东山,22.13684936,5.163736643,多云
东胜,8.26119146,9.682162534,晴
东台,15.94984488,8.209927611,多云
东乌旗,2.767057202,12.84838043,晴
东西湖,17.82160293,8.712367779,多云
东乡,14.29986221,8.572855667,晴
东乡族,16.12820513,10.21001221,晴
东兴,23.68106252,6.311890134,多云
东阳,18.81822935,8.300801673,多云
东营,14.58680675,9.048914916,晴
东源,22.65567766,8.180708181,多云
东至,17.70017422,8.647735192,多云
东洲,9.104072398,12.9321267,晴
洞口,17.98033126,7.525879917,多云
洞头,18.60264901,4.460090624,多云
都安,22.2252268,6.910327983,多云
都安瑶族,20.9275974,8.081168831,多云
都昌,18.44929286,6.859951707,多云
都江堰,16.94262578,7.102343212,多云
都兰,3.098525195,11.29659975,多云
都匀,16.07221648,7.312306101,多云
斗门,23.64305412,5.510168907,多云
独山,16.28876637,7.133011716,多云
独山子,9.545339252,8.873811034,晴
杜尔伯特,5.61029711,9.967032967,晴
杜集,16.47996183,8.872137405,多云
端州,23.28821244,7.262953368,多云
堆龙德庆,10.18300122,14.22122814,多云
敦化,4.591597796,11.50206612,晴
敦煌,10.76799862,15.58491216,晴
多伦,3.671487603,12.7231405,晴
多县,-2.499797407,13.05632091,多云
掇刀,17.42880391,7.443449959,多云
峨边,17.58790072,7.208893485,小雨
峨眉,18.25473974,6.819717339,多云
峨眉山,4.697690452,6.330230955,多云
峨山,17.41224138,11.77068966,晴
额尔古纳,-1.613542385,12.52136458,晴
额济纳,10.54839821,13.29245608,晴
额敏,8.179531358,12.71467953,晴
鄂城,18.72906091,7.709390863,多云
鄂尔多斯,8.304272915,9.594073053,晴
鄂伦春旗,0.409858669,14.08617718,晴
鄂前旗,8.97311272,14.37228542,晴
鄂托克,6.861011753,8.40776699,晴
鄂温克旗,-0.237857389,11.6861867,晴
鄂州,18.29258621,7.545172414,多云
恩平,23.1512069,7.087931034,多云
恩施,17.188598,7.612469859,多云
洱源,14.8294204,13.42333089,晴
二道,6.885261797,10.45701357,晴
二道江,7.23592233,11.62912621,晴
二连浩特,5.919421488,13.33953168,晴
二七,16.38896021,9.433889602,晴
法库,8.299070248,10.74139118,晴
番禺,19.84131633,10.69710544,多云
樊城,17.13424745,8.436862245,多云
繁昌,17.21550523,8.412891986,多云
繁峙,7.653753444,12.22692837,晴
范县,14.74078539,10.18567,晴
方城,15.6755081,9.702376852,晴
方山,8.865874656,12.51342975,晴
方正,4.608028946,10.60820124,晴
坊子,15.07777778,10.01333333,多云
防城,22.79959514,6.506072874,多云
防城港,23.34246336,5.294138172,多云
房山,13.19772649,10.77437134,晴
房县,15.74758454,10.60006901,多云
肥城,14.53342522,10.86905582,多云
肥东,17.01445489,8.140369209,多云
肥西,16.88557994,8.60780216,多云
肥乡,14.59710744,10.3953168,晴
费县,14.8921805,9.736135033,多云
分宜,19.12254395,7.721130645,多云
汾西,11.90826162,9.750430293,晴
汾阳,11.60361446,13.07297762,晴
丰城,19.53396552,7.467931034,晴
丰都,19.06822881,6.878015162,多云
丰满,6.971234648,9.7291532,晴
丰南,12.91075121,10.21778084,晴
丰宁,7.784533241,13.89493627,晴
丰润,12.84073691,10.49483471,晴
丰顺,22.88124785,8.52292313,多云
丰台,13.72803996,10.29314502,晴
丰县,15.45260255,9.615305067,多云
丰泽,22.60272197,6.605314323,多云
丰镇,6.86746988,13.89948365,晴
封开,22.2647363,8.522578421,多云
封丘,15.07219159,10.57994487,晴
峰峰,15.26532369,9.749655647,晴
凤城,9.167413021,11.54460903,晴
凤冈,16.37702377,7.179125043,多云
凤凰,17.4799862,7.668046929,多云
凤庆,18.21852363,10.83994481,晴
凤泉,16.26520913,10.05513308,晴
凤山,20.08884092,8.064762537,多云
凤台,16.68697772,8.031337047,多云
凤县,13.05406336,11.88498623,多云
凤翔,13.13343664,10.20764463,晴
凤阳,15.89968652,9.297805643,多云
奉化,18.07035876,8.168582375,多云
奉节,19.08838732,7.937629221,多云
奉贤,17.19776248,7.00757315,多云
奉新,18.87435367,7.794208893,晴
佛冈,22.06618407,7.562909342,多云
佛坪,13.92556857,9.960027567,多云
佛山,23.68590627,6.564093728,多云
扶风,14.13842975,10.57506887,晴
扶沟,15.63498623,9.831267218,晴
扶绥,22.56735236,7.762441938,多云
扶余,5.417900172,10.84268503,晴
芙蓉,19.08979975,7.003128911,多云
浮梁,19.31041497,8.875508544,晴
浮山,12.9939759,10.58760757,晴
涪城,17.87968952,7.381630013,多云
涪陵,18.47780454,6.678251893,多云
福安,21.00809786,8.580634045,多云
福鼎,19.96811444,7.89486384,多云
福贡,18.95586207,11.92068966,阵雨
福海,5.709194215,12.15461433,晴
福清,21.3539442,6.018945918,多云
福泉,15.79290145,7.143349414,多云
福山,13.39256198,9.146694215,晴
福田,24.16375405,5.715210356,多云
福州,21.38994144,7.280055115,多云
抚宁,12.46349862,9.802341598,晴
抚顺,7.379034691,12.87571644,晴
抚松,5.894555059,12.62454287,晴
抚远,3.359875905,8.602550845,晴
抚州,19.54981041,7.474663909,晴
府谷,10.17854683,11.93629477,晴
阜城,14.56815835,10.17590361,晴
阜康,8.075929752,11.79786501,晴
阜南,16.24119902,8.927152318,多云
阜宁,15.56960717,8.38869745,多云
阜平,13.51945592,11.2434573,晴
阜新,8.732874355,12.74905336,晴
阜阳,16.17084639,9.185301289,多云
复兴,15.4603929,10.16032953,晴
富川,20.35477685,7.433403068,多云
富锦,3.796966563,9.849706998,晴
富拉尔基,5.412206266,10.35052219,多云
富民,17.40992077,12.86600069,晴
富宁,20.9510853,9.29746255,小雨
富平,14.35588843,10.53409091,多云
富顺,18.83077905,6.667305236,多云
富县,9.929211161,14.66035136,晴
富阳,17.95577994,8.14902507,多云
富裕,3.973131244,10.35136066,多云
富源,14.62931298,9.587175573,晴
富蕴,5.098484848,13.00413223,晴
伽师,12.78795181,13.79070568,晴
噶尔,0.803658537,15.38780488,多云
改则,1.2565427,15.3822314,多云
盖州,10.57799587,9.671143251,晴
甘德,-0.426627627,15.0682053,多云
甘谷,12.37198484,11.00792557,多云
甘井子,12.59657623,6.584625323,晴
甘洛,17.70055134,9.803583735,多云
甘南,4.604788069,15.0855573,晴
甘泉,10.22589532,14.03787879,晴
甘州,9.425438596,15.0112782,晴
甘孜,7.607991733,14.34033758,多云
赣县,21.21786005,8.093978845,多云
赣榆,14.56544953,8.379262832,多云
赣州,20.821847,8.039283253,多云
刚察,1.598725017,12.4145417,多云
岗巴,4.464227642,14.26178862,多云
岗子,5.665404475,13.6757315,晴
港北,22.97307893,7.296915839,多云
港口,23.60217622,5.494161359,多云
港南,22.94726981,7.179336188,多云
港闸,17.29931336,7.700998752,多云
皋兰,8.694731405,15.4796832,晴
高安,19.22122674,7.570640937,晴
高碑店,12.83798209,11.55750689,晴
高淳,17.39931153,7.800344234,多云
高港,16.91597971,8.17818643,多云
高力板,7.049569707,12.43166954,晴
高陵,15.07071576,9.956297316,多云
高密,14.3394764,9.764726145,晴
高明,23.49796583,6.742066721,多云
高平,11.92648072,12.49621212,晴
高坪,18.15245478,7.22997416,多云
高青,14.23320703,11.09335171,晴
高台,9.632575758,14.93526171,晴
高唐,14.46572511,10.61178092,晴
高县,18.71491629,7.297716895,阴
高雄,23.53697691,5.660533911,小雨
高阳,13.29328744,11.26333907,晴
高要,23.14667356,6.981385729,多云
高邑,13.97296832,10.99552342,晴
高邮,16.71047193,7.674474681,多云
高州,23.96209511,7.932460372,多云
藁城,14.19748623,10.62017906,晴
革吉,0.758536585,15.44227642,多云
格尔木,5.125716626,11.10892711,多云
个旧,17.10423846,6.367677464,多云
根河,-2.975739849,15.72986924,晴
耿马,21.04465517,12.45827586,晴
工布江达,9.28495935,13.08373984,多云
弓长岭,10.59000406,10.53636733,晴
公安,17.77973113,7.251292658,多云
公主岭,7.009982788,10.37865749,晴
恭城,20.80390108,7.815395333,多云
恭城瑶族,20.63428571,7.457777778,多云
巩留,9.305373751,14.13262143,晴
巩义,15.91924931,9.744146006,晴
拱墅,18.74349206,7.724444444,多云
珙县,18.88469493,7.339882799,阴
共和,4.39149156,12.15397864,晴
共青城,15.50056148,7.36159461,阴转多云
贡嘎,7.500203252,14.6695122,多云
贡觉,7.459552846,14.51910569,多云
贡井,18.9450194,6.690815006,多云
贡山,16.38159255,11.18786625,阵雨
沽源,3.232702238,13.00240964,晴
古城,19.64764706,9.236470588,多云
古交,10.43063683,13.75903614,晴
古浪,7.309335171,10.52152945,晴转多云
古蔺,18.49172984,7.742246726,多云
古塔,11.31395349,10.45478036,晴
古田,19.94882839,8.952101999,多云
古县,12.71753359,12.45676886,晴
古冶,12.79784537,11.56147022,晴
古丈,17.57606071,8.073128665,多云
谷城,16.8665174,8.975198071,多云
鼓楼,15.93099274,8.055690073,多云
固安,12.80757315,11.91049914,晴
固始,16.62775482,8.355371901,晴
固阳,6.165920826,13.08846816,晴
固原,8.307493932,10.74908981,多云
固镇,15.92250087,8.988157436,多云
故城,15.1809076,10.03802126,晴
瓜州,10.31714876,15.30440771,晴
拐子湖,10.11470892,12.66414054,晴
关岭,16.95348036,6.885596141,多云
官渡,16.46662346,10.06610499,晴
馆陶,14.61036501,10.27995868,晴
管城回族,16.5035279,9.513790892,晴
冠县,14.51033414,10.67619704,晴
灌南,15.64226662,9.00551154,多云
灌阳,18.59024552,7.97611148,多云
灌云,15.10437478,8.964519463,多云
光山,16.49414399,8.767137444,晴
光泽,18.87456926,9.636802205,多云
广安,20.01131953,7.044631307,多云
广昌,19.78221916,8.713990351,晴
广德,16.95471961,8.809474051,多云
广丰,19.216109,8.566747154,晴
广汉,17.65782219,7.798070296,多云
广河,8.602444904,13.4803719,晴
广灵,7.79338843,14.72727273,晴
广陵,17.21179455,8.492073557,多云
广南,18.37021717,9.511203033,小雨
广宁,22.41416753,8.329196829,多云
广平,14.5979346,10.23683305,晴
广饶,14.35561682,10.71536871,晴
广水,17.21175052,8.817022743,多云
广元,17.05482759,7.986206897,多云
广州,22.98053067,7.513094418,多云
广宗,14.42975207,10.55578512,晴
贵池,17.91904762,7.998095238,多云
贵德,9.380599586,13.98104755,晴
贵定,16.00895625,7.240096452,多云
贵港,22.74921521,7.057551448,多云
贵南,4.101067493,15.26618457,晴
贵溪,19.38883144,8.089624267,晴
贵阳,15.27599862,6.78822314,多云
贵阳白云,22.55163728,7.375314861,多云
桂东,17.0574336,8.481200414,多云
桂林,20.21734587,6.971090212,多云
桂平,22.75,6.985993485,多云
桂阳,18.99827467,6.966873706,多云
果洛,0.403753444,13.21246556,多云
哈巴河,6.096279711,10.84636583,晴
哈尔滨,5.353843502,10.31471906,晴
哈密,11.37465565,15.23278237,晴
海安,16.46674707,8.190558236,多云
海北,2.2562866,15.23320703,多云
海勃湾,10.71345782,13.8454604,晴
海沧,22.78827362,6.754397394,多云
海城,9.999827883,10.66884682,晴
海淀,13.56402754,10.50774527,晴
海东,7.343663912,13.18112948,晴
海丰,23.44588073,7.00551534,多云
海港,11.5316947,9.79301423,晴
海口,25.10313589,6.302439024,多云
海拉尔,-0.415834768,11.51600688,晴
海力素,7.183304647,12.10154905,晴
海林,4.406271537,12.37284631,晴
海陵,16.98446417,8.136334813,多云
海伦,2.790905959,10.5676886,晴
海门,16.60799173,7.778160524,多云
海南,4.934745179,11.79097796,晴
海宁,17.39045629,7.576454197,多云
海曙,19.3555478,7.475924634,多云
海棠,25.9557372,5.841764343,多云
海西,5.668101963,12.8263865,晴
海兴,14.01170799,10.04476584,晴
海盐,17.34965278,6.846527778,多云
海晏,1.023760331,13.84710744,多云
海阳,13.281433,8.165346194,晴
海原,8.908402204,10.66942149,晴
海州,9.308462532,13.05232558,晴
海珠,23.58673139,7.240776699,多云
邗江,17.06161041,8.464823099,多云
邯郸,15.17475895,10.03202479,晴
邯山,15.50226098,10.18281654,晴
含山,16.47819706,8.050733753,多云
涵江,22.20524817,6.479658259,多云
韩城,14.80537375,9.775404754,多云
寒亭,15.07142857,9.962539683,晴
汉滨,16.90456563,9.286620165,多云
汉川,17.63227695,8.043747847,多云
汉沽,11.50446889,9.554829838,晴
汉南,17.93310082,8.64362714,多云
汉寿,18.31390135,7.26664367,多云
汉台,16.32890473,8.178224238,多云
汉阳,17.74098259,8.562810945,多云
汉阴,15.90168733,9.286157025,多云
汉源,16.86871123,7.637491385,小雨
汉中,16.11501377,7.992424242,多云
行唐,13.75989673,10.6151463,晴
杭锦后旗,8.936466942,13.21797521,晴
杭锦旗,7.896729776,12.22099828,晴
杭州,18.09279248,7.675139276,多云
濠江,23.85987055,6.16763754,多云
浩尔吐,5.548537005,12.42306368,晴
合川,18.62719449,6.632013769,多云
合肥,17.07677577,8.336699164,多云
合江,18.84241379,6.963448276,多云
合浦,23.95589261,6.314853556,多云
合山,22.10306859,7.346209386,多云
合水,10.3321847,10.73604411,多云
合阳,13.83626336,8.98379869,多云
合作,3.016190148,12.85359972,晴
和布克赛尔,4.892008267,10.91457113,晴
和静,9.761535813,13.60709366,晴
和林格尔,7.848657025,12.17320937,晴
和龙,5.912048193,11.90327022,晴
和平,21.2262069,8.833103448,多云
和顺,8.42788296,13.66746988,晴
和硕,9.023243802,15.02238292,晴
和田,14.38929063,10.88119835,晴
和县,16.88448637,7.23312369,多云
和政,7.059400826,13.41356749,晴
河北,15.08236434,8.735788114,晴
河池,21.14330544,7.20362622,多云
河东,15.01711886,8.742248062,晴
河间,13.63722452,11.33918733,晴
河津,15.10843373,10.37865749,晴
河口,18.88484634,8.475450371,晴
河南,0.514634146,13.42845528,多云
河曲,9.664199656,14.28123924,晴
河西,14.60174419,8.346899225,晴
河源,22.33011716,8.208132323,多云
荷塘,19.39040661,7.395806861,多云
菏泽,15.76859504,9.546143251,多云
贺兰,10.47882231,13.35020661,晴
贺州,20.78710801,7.798606272,多云
赫山,18.45515695,7.061400483,多云
赫章,14.90110269,8.659545141,多云
鹤壁,14.79414802,10.65060241,晴
鹤城,18.32007187,7.955338809,多云
鹤峰,16.74776786,8.107486264,多云
鹤岗,3.205791107,10.97345743,多云
鹤庆,14.62370779,13.06616127,晴
鹤山,23.25637491,6.738111647,多云
黑河,2.031346883,11.26627627,多云
黑山,9.277203857,11.49724518,晴
黑水,10.85377196,13.61178092,多云
恒山,6.081270183,10.16254037,多云
横店,19.41810621,7.877799104,多云
横峰,19.47535333,8.470872113,晴
横山,9.966942149,13.0661157,晴
横县,22.25800836,7.382311978,多云
衡东,19.2544011,7.306869175,多云
衡南,19.25310559,7.355072464,多云
衡山,18.11724138,7.893103448,多云
衡水,14.61153184,10.2454389,晴
衡阳,19.29296066,7.157349896,多云
红安,16.98017241,8.957586207,多云
红岗,6.118770227,9.810355987,晴
红古,12.04499366,12.53865653,晴
红河,21.87112336,9.351481737,多云
红花岗,17.11228641,6.928397071,多云
红旗,16.09808307,10.09265176,晴
红桥,14.07913437,9.908914729,晴
红山,10.20805369,11.78715244,晴
红寺堡,11.76266417,12.15947467,晴
红星,2.609096692,12.32506361,多云
红原,3.49793246,14.42729152,多云
宏伟,10.6682911,10.91682911,晴
虹口,17.75733916,6.812617114,多云
洪洞,11.39001721,11.54905336,晴
洪湖,17.94626249,7.096796417,多云
洪家,18.97910136,7.003134796,多云
洪江,18.52872384,7.89454247,多云
洪山,16.7849711,8.880924855,多云
洪雅,17.31064783,6.805306685,多云
洪泽,15.69187048,8.587323458,多云
侯马,14.46573691,11.6119146,晴
呼和浩特,8.026506024,11.46919105,晴
呼兰,4.767401792,10.71261199,晴
呼伦贝尔,0.28745098,11.62901961,晴
呼玛,-0.041178498,13.55651275,多云
呼市,6.65684681,11.72490857,晴
呼图壁,8.59472959,10.53840854,晴
呼中,-1.664886285,16.09200551,多云
胡尔勒,5.168904959,12.29028926,晴
壶关,11.05180723,11.5080895,晴
葫芦岛,10.30647383,10.67493113,晴
湖滨,15.4477229,9.876844131,多云
湖口,18.13249483,7.327705031,多云
湖里,22.92305174,6.759004584,多云
湖州,17.33606272,7.781533101,多云
虎林,4.452791178,9.578221916,多云
虎丘,18.43428571,6.83047619,多云
互助,5.864497245,14.31577135,晴
户县,15.15909091,9.223140496,多云
花地玛,23.71672662,5.192446043,多云
花都,23.2035825,7.363417155,多云
花山,17.58418043,7.985387548,多云
花溪,16.03789184,6.874956941,多云
花垣,17.42437845,7.741022099,多云
华安,22.15937285,9.404203997,多云
华池,9.693659545,13.87801516,多云
华龙,15.41925269,10.34832172,晴
华宁,17.32172414,11.08068966,晴
华坪,20.86814891,13.35229231,晴
华容,18.42827586,7.140689655,多云
华亭,9.209166092,11.70709855,多云
华县,14.52203857,11.19421488,多云
华阴,15.05082702,10.41936595,多云
华蓥,18.27988288,7.148811574,多云
滑县,15.12345041,10.16563361,晴
化德,4.339242685,11.49432014,晴
化隆,4.377023769,12.88494661,晴
化州,24.07236389,6.987594762,多云
桦川,4.014640028,10.85532208,晴
桦甸,5.359944942,12.55264969,晴
桦南,4.287461247,10.52394075,晴
怀安,8.852566311,12.48363762,晴
怀化,17.96290545,7.57384403,多云
怀集,21.89141675,8.435022406,多云
怀来,10.58387875,11.6479504,晴
怀宁,17.43710801,7.717421603,多云
怀仁,9.562306368,11.87504303,晴
怀柔,12.31783747,11.70661157,晴
怀远,16.36768802,8.402506964,多云
淮安,15.56613848,8.74095763,多云
淮北,16.11650993,8.843260188,多云
淮滨,16.74268503,8.511876076,晴
淮南,17.00923023,7.778126088,多云
淮上,16.73489717,8.834832905,多云
淮阳,16.49225473,8.898450947,晴
淮阴,15.51985371,8.742946708,多云
槐荫 ,15.23979592,8.911564626,晴
环翠,14.43155894,6.381495564,多云
环江,20.9148994,7.388254486,多云
环县,10.33155357,12.66035136,多云
桓仁,7.554388985,11.99621343,晴
桓台,15.00774793,9.903236915,晴
皇姑,9.360693264,11.59254415,晴
黄陂,17.29125043,8.764381674,多云
黄岛,17.2918251,5.787705957,晴
黄冈,18.01274544,7.705132621,多云
黄骅,14.02254733,9.98313253,晴
黄陵,11.61639118,12.39738292,晴
黄龙,10.38529108,13.01722356,晴
黄梅,17.7687931,7.998965517,多云
黄南,8.174870912,12.62099828,多云
黄平,16.06034483,7.291034483,多云
黄埔,23.37151015,7.222715736,多云
黄浦,19.19068597,7.106356199,多云
黄山,16.96360153,9.413096482,多云
黄山风景,12.5292581,6.568094741,多云
黄石,18.2124397,7.927291523,多云
黄石港,18.64517154,8.09974587,多云
黄岩,18.94252163,8.870622167,多云
黄州,18.52887056,7.967639594,多云
湟源,5.169938017,13.93491736,多云
湟中,5.751979346,11.65266781,多云
潢川,16.63080895,8.403098107,晴
珲春,5.737693632,10.54182444,晴
辉南,5.481570789,12.57802274,晴
辉县,15.23674242,10.39221763,晴
徽县,13.75154959,11.08436639,多云
徽州,18.21001867,9.089607965,多云
汇川,15.94417643,6.966919366,多云
会昌,20.79410751,8.678497588,多云
会东,17.15350121,12.66436702,晴
会理,16.71950379,12.08063405,晴
会宁,9.070444368,12.51774027,晴
会同,18.00982759,7.696206897,多云
会泽,14.07364608,9.773370128,晴
惠安,22.39096827,6.383238405,多云
惠城,23.32396166,7.403194888,多云
惠东,22.81269994,7.619641715,多云
惠济,16.47272144,9.573170732,晴
惠来,23.08080634,6.44693315,多云
惠民,14.11591457,10.44540131,晴
惠农,10.40165346,12.89493627,晴
惠山,17.98257288,7.660963245,多云
惠水,16.95778773,7.541350793,多云
惠阳,23.16080662,7.442605998,多云
惠州,23.15127498,7.438318401,多云
浑江,5.494159637,12.74691759,晴
浑南,8.850281042,11.67910066,晴
浑源,7.490013774,15.03099174,晴
获嘉,15.59810671,10.17659208,晴
霍城,10.72847796,13.18560606,晴
霍尔果斯,11.377927,10.83918733,晴
霍邱,16.76140718,8.054336468,多云
霍山,16.43763066,9.572125436,多云
霍州,13.23966942,12.64256198,晴
鸡东,5.16574776,9.937973811,多云
鸡冠,5.559365079,10.31111111,多云
鸡西,5.158566012,9.952430196,多云
鸡泽,14.64492255,10.41480207,晴
积石山,9.27703252,13.3199187,晴
吉安,20.39808788,7.669243287,多云
吉兰泰,10.18261618,12.90292599,晴
吉利,16.18468102,9.471353108,晴
吉林,6.451807229,10.03270224,晴
吉隆,5.565650407,15.18821138,晴
吉木乃,5.569387052,9.9934573,晴
吉木萨尔,8.307679063,10.85778237,晴
吉首,18.12508627,7.667011732,多云
吉水,19.81409373,7.743280496,多云
吉县,11.71530758,12.41773963,晴
吉阳,25.00462535,7.116867098,多云
吉州,20.4444797,7.663071066,多云
即墨,14.05699036,9.355716253,晴
集安,8.034631289,11.76188835,晴
集美,22.81338939,6.811772316,多云
集宁,4.079917327,11.99173269,晴
集贤,4.964679531,9.398001378,晴
济南,15.50378657,8.937349398,晴
济南市中,12.0268595,8.476124885,晴
济宁,15.68870523,9.16322314,晴
济阳,14.06643718,11.54010327,晴
济源,15.63946281,10.44903581,晴
绩溪,17.24651568,9.451219512,多云
蓟州,11.41562595,10.50289369,阴
稷山,14.8822314,11.51239669,晴
冀州,14.21669535,10.97314974,晴
加查,11.00378788,15.85055096,多云
加格达奇,0.768435562,13.81529979,多云
佳木斯,3.99965541,11.28325293,晴
佳县,10.70092975,12.24414601,晴
嘉定,17.68823125,7.07157605,多云
嘉禾,19.36714976,7.50931677,多云
嘉黎,1.380082702,13.55616816,多云
嘉陵,18.55239031,7.14800262,多云
嘉善,17.44339951,7.290839429,多云
嘉祥,15.41408402,9.833677686,晴
嘉兴,17.44498607,7.248607242,多云
嘉荫,0.813813297,12.95866345,晴
嘉鱼,17.87112336,7.762232943,多云
嘉峪关,8.820075758,12.26205234,晴
夹江,18.14908652,7.043433299,多云
郏县,15.82747934,10.10055096,晴
贾汪,16.32779172,9.070890841,多云
尖草坪,12.00893946,12.69727753,晴
尖山,5.507198953,9.011780105,晴
尖扎,10.07078884,12.82500861,多云
监利,17.96709166,7.366988284,多云
犍为,18.45639435,7.120992761,多云
简阳,18.22614537,7.398897692,多云
建昌,9.593319559,12.33746556,晴
建德,17.96638802,8.937304075,多云
建湖,15.71096174,8.297483626,多云
建华,4.807443366,10.47443366,多云
建宁,18.92832529,9.790489318,多云
建瓯,20.22846313,9.425913163,多云
建平,9.645358175,12.46450369,晴
建始,16.51654032,8.10889042,多云
建水,19.95503101,10.23466575,多云
建阳,19.71664943,9.292657704,多云
建邺,17.50792142,7.756020279,多云
剑川,14.04979325,14.13128877,晴
剑阁,16.70175741,8.116815989,多云
剑河,17.7037931,8.137931034,多云
涧西,16.25605966,9.644499689,晴
江安,18.56099242,6.882839421,阴
江岸,17.90877081,8.587067862,多云
江城,20.64349776,10.10796826,晴
江川,17.51740779,10.93416063,晴
江达,8.156910569,15.52845528,多云
江东,18.7630597,7.64800995,多云
江都,16.51619573,8.6678153,多云
江干,18.50062189,7.672885572,多云
江海,23.70341741,6.183075671,多云
江汉,18.03761755,8.613166144,多云
江华,19.5105245,7.311594203,多云
江津,19.30481928,6.677796902,多云
江口,17.59083075,7.42847294,多云
江陵,17.53203583,7.706854978,多云
江门,23.43470021,6.431771192,多云
江宁,16.97469008,7.976239669,多云
江浦,16.8162246,8.071994488,多云
江山,18.52090592,8.139372822,多云
江夏,17.91299104,7.852170917,多云
江阳,18.74239482,6.788349515,多云
江阴,17.35790561,7.775404754,多云
江永,19.34989648,7.516908213,多云
江油,17.0527041,7.681708577,多云
江源,5.851889476,12.67655425,晴
江州,20.09579832,7.208963585,多云
江孜,6.114841598,16.00172176,多云
将乐,20.54186768,9.494486561,多云
姜堰,16.59083075,8.02688728,多云
绛县,12.89913941,10.1858864,晴
交城,11.5401309,12.8012401,晴
交口,8.325301205,11.57934596,晴
胶南,11.52550845,9.058600483,晴
胶州,14.01774638,8.674362509,晴
椒江,19.05356407,8.606510095,多云
蛟河,4.649913941,11.80722892,晴
焦作,16.49414802,9.660929432,晴
蕉城,21.43015873,6.912380952,多云
蕉岭,21.94331496,9.037560303,多云
揭东,23.12815297,7.849471115,多云
揭西,22.4967264,8.198828394,多云
揭阳,22.86504654,7.847294037,多云
解放,17.13856589,9.855943152,多云
介休,12.20275387,12.45783133,晴
界首,15.97857143,9.387108014,多云
金安,17.30932741,8.526015228,多云
金昌,8.283327592,13.29073372,晴转多云
金阊,18.27728426,6.810913706,多云
金城江,21.28666312,7.243889479,多云
金川,14.05237767,14.46175052,多云
金东,19.47747462,7.760786802,多云
金凤,11.5418251,12.05196451,晴
金湖,16.02359628,8.359972442,多云
金华,18.92894462,8.043190526,多云
金家庄,17.26518692,7.876168224,多云
金口河,18.74228103,6.902331443,多云
金明,16.52941176,8.886780519,多云
金牛,17.69016698,7.377860235,多云
金平,23.86177807,6.298507463,多云
金沙,16.17487939,7.488973122,多云
金山,17.35743802,6.579201102,多云
金山屯,2.502918288,12.29118029,多云
金水,16.14047769,9.463859208,晴
金塔,9.670341027,14.72752325,晴
金台,14.82676147,9.601809955,多云
金坛,17.06372718,7.835342749,多云
金堂,17.90595935,7.875301412,多云
金湾,23.92839707,5.240032547,多云
金溪,19.31144433,8.09962082,晴
金乡,15.42094385,9.909748536,晴
金秀,18.02040478,6.864299934,多云
金阳,18.36384006,9.730782489,多云
金寨,16.96394984,8.581330547,多云
金州,11.67561983,7.08953168,晴
津南,13.89418445,9.703028217,晴
津市,18.51588595,7.676985743,多云
锦江,17.6295972,7.90951547,多云
锦屏,17.93243709,8.1778697,多云
锦州,10.90364763,10.09704061,晴
进贤,19.14679531,7.094417643,晴
晋安,21.83279431,7.230918499,多云
晋城,12.95938038,10.40619621,晴
晋江,22.14029645,6.277835229,多云
晋宁,16.55442646,10.79193937,晴
晋源,12.04394225,12.83741368,晴
晋中,11.49862306,12.84509466,晴
晋州,14.70936639,9.77892562,晴
缙云,18.60567549,9.369428969,多云
京口,17.76643041,7.777706186,多云
京山,17.28443526,8.656336088,多云
京唐港,10.6407383,9.633487146,晴
泾川,11.41838843,13.36570248,多云
泾县,17.04684779,9.114245907,多云
泾阳,14.89660115,10.43120393,晴
泾源,8.092827728,10.0188744,多云
荆门,16.95024105,7.397038567,多云
荆州,17.52359628,7.699621082,多云
旌德,17.06966214,9.320097527,多云
旌阳,16.58440797,8.27080891,多云
精河,8.957988981,10.98002755,晴
井冈山,15.90609924,7.625430737,晴
井陉,14.1453168,10.21763085,晴
井陉矿,14.98034242,9.694356373,晴
井研,18.29927636,7.139558925,多云
景德镇,19.15432311,8.437478471,晴
景东,20.45363668,12.68321269,晴
景谷,22.37676663,12.67700793,晴
景洪,20.69795658,13.79182631,晴
景宁,19.69674495,9.611866502,多云
景泰,10.28374656,12.31818182,晴
景县,14.56454389,10.31049914,晴
竞秀,12.80838865,11.35365118,晴
靖安,18.65862069,8.089655172,晴
靖边,10.08660468,11.22555096,晴
靖江,17.24092866,7.500307503,多云
靖西,20.5970684,7.084039088,多云
靖宇,4.101549053,13.69638554,晴
靖远,10.70306579,13.03479159,晴
靖州,17.93182603,7.721435968,多云
静海,13.9707401,9.998623064,晴
静乐,8.608777969,14.19380379,晴
静宁,8.920626722,11.79786501,多云
镜湖,17.83322765,7.708306912,多云
鸠江,17.49795799,7.518669778,多云
九华山,15.05,6.63728223,多云
九江,18.30634045,7.285320469,多云
九龙,10.93883529,14.19262578,多云
九台,6.197178252,10.63936683,晴
九原,8.823320413,12.95284238,晴
九寨沟,14.04719256,10.1784361,多云
久治,3.039256198,14.60399449,多云
酒泉,8.716942149,13.78581267,晴
居巢,17.24970828,8.129521587,多云
莒南,14.79393522,9.356305996,多云
莒县,14.10519972,10.35847107,多云
巨鹿,14.14595525,10.85989673,晴
巨野,15.07320014,10.23527385,多云
句容,16.7892562,8.138429752,多云
鄄城,15.26369273,10.11884258,多云
君山,18.73521933,5.965034965,多云
筠连,18.11147484,7.33597519,阴
浚县,14.64905336,10.90361446,晴
喀喇沁,7.677452668,12.87228916,晴
喀什,12.85514984,11.55735446,晴
开封,16.13907057,8.691910499,晴
开封鼓楼,16.23319859,8.766548762,多云
开福,19.39040661,7.004447268,多云
开化,17.88801811,9.196447231,多云
开江,17.84274888,7.730279022,多云
开鲁,7.916637961,11.83465381,晴
开平,23.17177808,6.880427292,多云
开县,19.45008606,8.0616179,多云
开阳,13.84470872,6.465701482,多云
开原,8.067320937,11.809573,晴
开远,21.17442261,10.79489831,多云
凯里,14.09872502,9.22294969,多云
康巴什,7.577271355,13.02656203,晴
康保,3.021529452,13.54426455,晴
康定,8.88731909,9.782219159,多云
康乐,8.392389807,13.78960055,晴
康马,5.085569106,14.43211382,多云
康平,8.385980021,10.35308302,晴
康县,12.21098863,10.20633827,多云
柯城,18.95428571,8.285714286,多云
柯坪,11.67561983,14.46900826,晴
科右前旗,4.525241838,12.26330109,晴
科右中旗,7.966070703,10.8829744,晴
科左后旗,8.342137343,11.05973182,晴
科左中旗,7.484762292,11.70662332,晴
岢岚,7.229855372,13.05130854,晴
克东,2.635642882,10.09169252,多云
克拉玛依,9.130681818,8.887396694,晴
克山,2.908652189,10.26335746,多云
克什克腾,3.654733219,13.04853701,晴
克州,14.11302983,10.87284144,晴
垦利,14.56299484,9.208605852,晴
崆峒,10.68629477,11.13911846,多云
库车,11.18429211,13.21391664,晴
库尔勒,10.63176025,11.28281089,晴
库伦,8.166092943,10.92839931,晴
宽城,7.130490956,10.13307494,晴
宽城满族,10.40145543,12.09399636,晴
宽甸,7.877410468,11.39256198,晴
矿区,13.4893342,10.27407886,晴
奎屯,9.689634146,10.21178862,晴
奎文,15.05,9.967532468,多云
昆都仑,8.693475452,13.01873385,晴
昆明,16.53599724,10.31898037,晴
昆山,17.77995868,7.066804408,多云
拉萨,10.28254132,13.67183196,多云
拉萨城关,10.19455645,13.95967742,多云
拉孜,7.782810885,14.0527041,多云
来安,16.44723093,8.302333682,多云
来宾,21.95348432,7.229616725,多云
来凤,16.77515507,7.868711234,多云
莱城,16.23652393,9.681108312,多云
莱山,15.3659397,7.602950609,多云
莱芜,14.45900792,9.797106442,多云
莱西,13.20496039,10.60626938,晴
莱阳,13.40461433,10.60812672,多云
莱州,14.38611303,8.583390765,晴
涞水,13.65644047,10.83827712,晴
涞源,9.012224518,12.83436639,晴
兰考,15.65043029,9.445438898,晴
兰坪,12.81937263,14.49775939,阵雨
兰山,16.36815416,9.170385396,多云
兰西,4.326783868,10.78593588,多云
兰溪,18.78526646,8.282479972,多云
兰州,11.92943201,12.01032702,晴
岚皋,16.23570937,9.350895317,多云
岚山,14.66581892,6.8982706,多云
岚县,8.083304647,15.3686747,晴
蓝山,19.31689518,7.448474126,多云
蓝田,14.45556321,10.96486393,多云
澜沧,21.44570838,12.01516718,晴
郎溪,17.1315331,8.04912892,多云
阆中,18.11905582,7.44348725,多云
琅琊,16.7715736,8.558375635,多云
廊坊,13.48967298,10.67504303,晴
朗县,11.39105691,12.54308943,多云
浪卡子,4.125516529,12.7572314,多云
崂山,14.37241736,7.578856749,晴
老边,10.93120155,8.36627907,晴
老城,16.18876904,9.633883249,晴
老河口,16.61643128,9.05304857,多云
乐安,19.22277739,8.368366644,晴
乐昌,20.73121985,8.137835975,多云
乐都,9.569951757,13.06685045,晴
乐陵,13.9084022,10.92493113,晴
乐平,19.18418332,8.594417643,晴
乐清,16.1368861,9.186346221,多云
乐山,18.48501034,6.850792557,多云
乐亭,10.48898451,9.720826162,晴
乐业,18.04382535,6.882697947,多云
乐至,17.94913793,6.825172414,多云
雷波,14.78618194,6.735699518,小雨
雷山,16.66144039,7.659889731,多云
雷州,23.89338615,6.567344127,多云
耒阳,19.3283891,7.117626768,多云
类乌齐,7.310162602,15.30325203,多云
冷湖,2.693870523,14.82506887,多云
冷水江,18.14832701,7.808209727,多云
冷水滩,19.6153057,7.374230611,多云
离石,11.06144324,11.68870773,晴
梨树,7.271256454,10.32013769,晴
黎城,12.7141136,12.63924269,晴
黎川,19.10954185,9.09472959,晴
黎平,17.03962784,7.547898001,多云
蠡县,13.80113636,11.02720386,晴
礼泉,14.25679862,10.60654045,多云
礼县,11.68560606,10.98140496,多云
李沧,14.70180348,6.021766169,晴
理塘,5.503447087,13.16683902,多云
理县,12.71691937,10.57925569,多云
鲤城,22.47395172,6.628970775,多云
澧县,18.02086927,7.643670231,多云
醴陵,19.01535012,7.509141083,多云
历下,13.32189974,7.492084433,晴
立山,11.47932817,8.997416021,晴
丽江,14.2095829,11.80144778,晴
丽水,19.84233449,9.377351916,多云
利川,14.5048226,7.704099208,多云
利津,14.43319559,9.820936639,晴
利通,12.21972099,12.15282181,晴
利辛,16.14350401,8.991988854,多云
利州,17.12384412,8.526420079,多云
荔波,19.63003789,8.19772649,多云
荔城,22.2219284,6.468266884,多云
荔浦,20.27290837,7.930942895,多云
荔湾,23.50679612,7.24012945,多云
溧水,17.04838154,8.108471074,多云
溧阳,17.20348036,7.846657478,多云
连城,20.15391244,9.065494657,多云
连江,20.5649552,6.963128877,多云
连南,20.35125819,7.982764564,多云
连平,21.5862069,8.640689655,多云
连山,20.16028956,8.529472596,多云
连云,15.96020975,8.622455275,多云
连云港,14.33517051,9.212538753,多云
连云港海州,15.78946041,8.908219869,多云
连州,20.36250861,8.131633356,多云
莲都,20.5,9.215661104,多云
莲湖,15.68636951,9.867571059,多云
莲花,19.08100655,8.441227163,多云
涟水,15.60764726,8.63796073,多云
涟源,18.23775862,7.884482759,多云
廉江,23.74977099,7.196030534,多云
良庆,22.86666667,7.692063492,多云
凉城,6.619621343,13.46506024,晴
凉山,18.30610134,11.8221303,晴
凉州,10.39505013,12.43922306,晴
梁河,19.56138066,12.62911104,晴
梁平,17.52566311,7.696865312,多云
梁山,15.02875344,10.36398072,晴
梁园,15.79449018,10.11842939,晴
梁子湖,18.73790159,7.606750712,多云
两当,13.41477273,11.48657025,多云
辽阳,9.985197935,10.53493976,晴
辽源,6.854905336,12.21583477,晴
辽中,9.391356749,11.2696281,晴
聊城,14.6404475,10.44991394,晴
烈山,16.543257,8.980916031,多云
邻水,17.80685734,7.020330806,多云
林甸,4.620564933,10.31932484,晴
林口,4.404376292,12.07822192,晴
林西,5.388046848,13.07991733,晴
林芝,10.66219008,12.22245179,多云
林州,14.67418244,10.42788296,晴
林周,5.470731707,15.36178862,多云
临安,17.08373955,8.724582173,多云
临沧,19.20948276,11.75758621,晴
临城,14.02444062,10.58175559,晴
临汾,14.88932874,10.78726334,晴
临桂,20.03793553,7.351676978,多云
临海,18.53848833,8.776036224,多云
临河,9.39010989,13.18053375,晴
临江,5.834251291,12.12495697,晴
临澧,18.0444981,7.620558813,多云
临清,14.46416265,10.62026189,晴
临朐,14.28952807,10.40888736,晴
临泉,16.66022292,9.271682341,多云
临沭,14.84452479,9.388774105,多云
临潭,5.52911785,14.3835286,晴
临洮,8.379820937,13.58677686,晴
临潼,14.88959697,10.23871857,多云
临渭,15.1972939,9.558842039,多云
临武,18.60275862,7.947586207,多云
临西,14.05561295,10.86880165,晴
临夏,9.562134251,12.68502582,晴
临县,10.38123924,11.50740103,晴
临湘,17.42339833,7.875348189,多云
临翔,18.1297619,11.86904762,多云
临猗,15.00378657,10.96936317,晴
临沂,14.88997934,9.653236915,多云
临沂河东,17.21505376,9.403714565,多云
临邑,14.38274793,10.3481405,晴
临颍,15.63993115,10.25404475,晴
临泽,9.488636364,14.25757576,晴
临漳,14.78539442,10.21426111,晴
临淄,14.50843955,10.91353772,晴
麟游,11.3880854,12.64876033,晴
灵宝,15.1080895,10.60585198,晴
灵璧,13.00139324,9.997910136,多云
灵川,19.43343701,7.58600311,多云
灵丘,9.059745179,13.690427,晴
灵山,22.46298141,7.299136786,多云
灵石,11.90837065,12.68894247,晴
灵寿,14.37383821,9.834767642,晴
灵台,11.43336777,13.94180441,多云
灵武,10.20031002,14.20151567,晴
凌海,10.18737096,9.926703372,晴
凌河,11.38662791,10.32881137,晴
凌源,9.323752151,13.15628227,晴
凌云,21.8480456,7.840716612,多云
陵城,14.28057182,10.49087151,晴
陵川,10.70836201,10.01066758,晴
零陵,19.77011853,7.381784155,多云
岭东,5.538860104,9.031088083,晴
浏阳,18.49034483,8.031724138,多云
留坝,12.85106749,10.89359504,多云
柳城,20.92963823,7.622303352,多云
柳河,6.343663912,11.68801653,晴
柳江,21.51213441,7.429993777,多云
柳林,11.61876076,11.61549053,晴
柳南,21.54522184,7.641069397,多云
柳州,21.71968641,7.134843206,多云
六安,13.83211425,9.680947405,多云
六合,13.69318182,9.733471074,多云
六库,21.45691141,11.29369183,阵雨
六盘水,13.90172956,7.841194969,多云
六枝,15.60337698,6.709166092,多云
龙安,15.72915341,10.02864418,晴
龙城,10.41435036,13.05365223,晴
龙川,21.33804273,8.616126809,多云
龙凤,5.709073604,9.731598985,晴
龙岗,24.15275081,5.800647249,多云
龙港,10.44892812,10.87263556,晴
龙海,22.40627154,7.928325293,多云
龙湖,23.83549223,6.294041451,多云
龙华,25.34261658,6.221502591,多云
龙江,5.012581868,10.54981041,多云
龙井,6.484504132,12.09297521,晴
龙口,13.86277548,7.275826446,晴
龙里,15.94092318,7.316224595,多云
龙陵,16.40272508,11.11521214,晴
龙马潭,18.53458122,6.735406091,多云
龙门,22.11862069,8.76,多云
龙南,20.64834597,8.491729841,多云
龙泉,19.30633925,10.11598746,多云
龙泉驿,17.72442301,7.666551843,多云
龙山,7.01754386,12.2820013,多云
龙胜,19.0456287,7.876698015,多云
龙胜各族,20.22404661,7.42690678,多云
龙潭,7.28990113,9.630649718,晴
龙亭,16.28735339,8.901070882,多云
龙湾,19.98604061,8.091370558,多云
龙文,23.61013072,7.835947712,多云
龙岩,20.75594623,9.2885212,多云
龙游,18.6319275,8.487277797,多云
龙州,22.97693329,8.297046133,多云
龙子湖,16.7247619,8.862857143,多云
隆安,22.32985075,7.606301824,多云
隆昌,18.47984149,6.6130255,多云
隆德,6.985020661,10.42596419,多云
隆化,8.201274105,13.95144628,晴
隆回,18.02604346,7.618834081,多云
隆林,20.50017428,8.62391077,多云
隆林各族,22.39598185,8.022034997,多云
隆阳,15.5341144,9.134390076,多云
隆尧,14.45043029,10.47401033,晴
隆子,6.584710744,16.57782369,多云
陇川,20.5606292,12.813989,晴
陇南,16.59850863,9.795133438,多云
陇西,9.442817775,11.77781605,晴
陇县,12.4375,11.05475207,晴
娄底,18.29527423,7.618489134,多云
娄烦,8.995867769,14.25619835,晴
娄星,18.86450382,7.750636132,多云
卢龙,12.28846816,10.20172117,晴
卢氏,14.10963855,11.75524957,晴
芦山,16.46413309,7.101037851,小雨
芦淞,19.23343849,7.409463722,多云
芦溪,19.25325468,8.2908869,晴
庐江,16.6769392,7.271698113,多云
庐山,13.06706897,6.367931034,多云
庐阳,17.24781086,8.199065966,多云
炉霍,8.382322536,15.88800827,多云
泸定,16.7152706,9.909686315,多云
泸水,21.44622544,11.29782834,阵雨
泸西,16.53176884,10.47286079,多云
泸溪,17.89151432,7.614004829,多云
泸县,18.72157133,6.683666437,多云
泸州,18.49017919,6.852860096,多云
鲁甸,13.95946878,10.60469127,晴
鲁山,15.64273416,10.53960055,晴
陆川,22.46545998,7.498837595,多云
陆丰,23.36125474,7.220268873,多云
陆河,23.48860862,5.688364524,多云
陆良,16.09303928,10.50516885,晴
鹿城,20.33692893,7.39213198,多云
鹿泉,15.27651361,9.449410809,晴
鹿邑,15.8244919,9.565621771,晴
鹿寨,21.31739708,7.841965471,多云
禄丰,17.35969466,13.46625954,晴
禄劝,17.05856011,12.39958663,晴
碌曲,4.469676085,14.50999311,晴
路南,12.3581864,11.62115869,晴
路桥,19.37391842,6.913473424,多云
潞城,11.04698795,12.26196213,晴
潞西,18.17053435,12.73374046,晴
孪井滩,9.693975904,11.91462995,晴
栾城,14.91755594,9.581067126,晴
栾川,14.48003442,10.71703959,晴
滦南,12.43769363,10.45129088,晴
滦平,8.612048193,13.76592083,晴
滦县,12.6184573,10.34779614,晴
轮台,12.05323915,13.55995865,晴
罗城,20.17128874,7.347471452,多云
罗甸,20.78504995,8.804684809,多云
罗定,23.04152309,8.158166782,多云
罗湖,23.9750934,5.818181818,多云
罗江,17.42881765,7.678042054,多云
罗平,16.36384006,8.257497415,小雨
罗山,16.59176997,8.479683196,晴
罗田,17.36608066,9.429851775,多云
罗源,19.46590909,7.94214876,多云
罗庄,15.60051713,9.636716225,多云
萝北,3.434160634,10.62495691,多云
萝岗,23.8,7.351815182,多云
洛川,11.6213843,10.53133609,晴
洛江,22.34384858,6.644794953,多云
洛龙,14.46911197,9.498069498,多云
洛隆,7.180256701,14.05398263,多云
洛南,12.37065105,11.25525319,多云
洛宁,15.05800344,9.833046472,晴
洛浦,13.12155647,13.99035813,晴
洛阳,15.64664372,9.561101549,晴
洛扎,6.445325203,13.4695122,多云
漯河,15.77772039,10.09469697,晴
吕梁,11.2238292,11.73278237,晴
旅顺,11.75172176,6.620523416,晴
旅顺口,12.76664469,6.537903757,晴
绿春,18.14896552,8.395862069,阵雨
绿园,7.170865633,10.18152455,晴
略阳,14.5494146,9.603650138,多云
麻城,17.0952463,9.367895281,多云
麻江,15.65856601,6.732506032,多云
麻栗坡,18.98086867,7.564632885,小雨
麻山,5.557281553,10.00517799,多云
麻阳,17.00034495,8.040013798,多云
麻章,24.14564687,6.299430431,多云
马鞍山,17.1138976,7.895506792,多云
马边,17.69010686,7.31265081,小雨
马村,16.99714829,9.897972117,多云
马尔康,10.91560455,15.8215639,多云
马关,18.35884178,7.868321269,小雨
马龙,15.08494142,10.19469331,晴
马坡岭,18.57867495,7.002760524,多云
马山,22.24712644,7.200626959,多云
马尾,21.85866753,7.205045278,多云
玛多,-1.729245608,12.89080262,多云
玛纳斯,7.955390975,12.12986566,晴
玛沁,0.630337466,13.55130854,多云
玛曲,3.345041322,12.60950413,晴
麦盖提,12.84102652,13.97140889,晴
麦积,12.61088154,11.62741047,多云
满城,13.78460744,10.40668044,晴
满都拉,6.850086059,12.50981067,晴
满洲里,-0.184681583,13.87366609,晴
芒康,5.630681818,14.49552342,多云
芒市,21.48477979,11.39831606,晴
茫崖,4.849121598,14.01997933,多云
茅箭,17.01565677,10.01016673,多云
茂港,24.34682669,7.478030919,多云
茂名,24.07598208,7.49931082,多云
茂南,24.39241737,7.42514582,多云
茂县,12.52566311,8.58766793,多云
眉山,18.20520331,7.364920744,多云
眉县,14.64032369,10.21797521,晴
梅河口,6.428399312,11.21893287,晴
梅江,22.66116505,9.006472492,多云
梅里斯达斡尔族,8.600698856,10.28526048,多云
梅列,21.41941748,8.966990291,多云
梅县,22.47190624,8.98104102,多云
梅州,22.47173388,8.959324371,多云
湄潭,16.37370779,7.003790489,多云
美姑,13.92660234,10.60234321,多云
美兰,25.34585492,6.265544041,多云
美溪,2.679520415,12.35580039,多云
门头沟,13.41549053,10.39036145,晴
门源,3.070592287,14.60881543,多云
蒙城,15.78247997,9.65830721,多云
蒙山,20.79777704,7.638022561,多云
蒙阴,14.42301068,9.725800896,多云
蒙自,20.30048243,8.643694004,多云
勐海,20.3640508,12.18951482,晴
勐腊,23.66000761,11.6586758,多云
孟村,13.75757576,10.63705234,晴
孟津,15.42714433,9.252497416,晴
孟连,21.69269218,12.24991382,晴
孟州,15.50189329,11.25163511,晴
弥渡,17.62784287,12.56719504,晴
弥勒,18.88973122,11.18538939,多云
米东,8.777190802,9.180236172,晴
米林,10.52394075,11.4143989,多云
米泉,9.323002755,9.988292011,晴
米易,21.11388697,13.29186768,晴
米脂,10.82214187,13.08023416,晴
汨罗,18.19275862,7.513793103,多云
泌阳,16.06146694,9.394972452,晴
密山,4.870689655,9.788965517,多云
密云,12.01118376,12.18823125,晴
绵阳,17.60210055,7.28822314,多云
绵竹,16.92487939,6.926946933,多云
勉县,15.5725112,8.615914571,多云
冕宁,15.16339193,12.04412272,多云
渑池,13.90120482,10.89845095,晴
民丰,12.97261454,14.42611092,晴
民和,10.19387052,11.65702479,晴
民乐,5.604511019,12.35227273,晴
民勤,10.08849862,13.51997245,晴转多云
民权,15.58904581,9.556321047,晴
岷县,7.914772727,12.2964876,晴
闵行,17.86230637,7.100172117,多云
闽侯,21.25645884,8.193248364,多云
闽清,21.11126421,8.874267999,多云
名山,16.57046864,7.030668504,小雨
明光,16.3389063,8.377568791,多云
明山,8.014186538,11.50316933,晴
明水,3.827300931,10.01240951,晴
明溪,19.67625775,10.00034459,多云
莫力达瓦,3.073519284,11.29786501,晴
莫索湾,7.922176309,12.41184573,多云
漠河,-2.557374225,16.28566506,多云
墨江,19.55618752,11.93967597,晴
墨脱,15.17235772,10.65853659,小雨
墨玉,12.47847055,14.64278333,晴
墨竹工卡,9.317276423,14.16869919,多云
牟定,17.04670803,12.62150982,晴
牟平,13.37392353,8.497760937,晴
牡丹,18.68178914,10.01916933,多云
牡丹江,5.256547209,11.54893177,晴
木兰,3.963473467,11.31633356,晴
木垒,6.272476748,10.45125732,晴
木里,14.74138525,12.45864921,晴
沐川,17.96054445,7.340799449,多云
牧野,16.20448718,10.04615385,晴
穆棱,4.462784287,12.01240524,晴
那坡,20.12935902,7.39189638,多云
那曲,1,14.06887052,多云
那曲地,8.906329923,13.65025575,多云
那仁宝力格,3.637568871,12.91769972,晴
纳溪,18.49396552,6.618965517,多云
纳雍,15.04357561,7.863933862,多云
乃东,10.10203252,14.51300813,多云
奈曼,7.894664372,11.71428571,晴
南安,22.76602343,7.841488629,多云
南澳,22.54720882,5.748449345,多云
南部,18.08422322,7.355494316,多云
南岔,2.69102228,12.32568807,多云
南昌,19.3252929,6.880771881,晴
南城,19.48518263,7.807029635,晴
南充,18.43661729,6.916637961,多云
南川,17.32306368,7.025473322,多云
南丹,17.93008967,6.970773829,多云
南芬,12.0797526,10.71289063,晴
南丰,19.82465517,8.398965517,晴
南岗,5.587759067,10.3892487,晴
南宫,14.40530303,10.45798898,晴
南关,6.748575047,10.2279924,晴
南海,23.28266115,6.764563943,多云
南和,14.26729776,10.71910499,晴
南湖,18.17952707,7.121966397,多云
南华,16.23862069,13.27310345,晴
南汇,17.52167928,6.895388851,多云
南涧,19.79765598,12.75353326,晴
南江,16.92783328,8.592146056,多云
南郊,7.798479087,14.85678074,晴
南京,16.97142857,7.950430293,多云
南靖,22.48195256,9.00928154,多云
南开,15.17501648,8.579433092,晴
南康,20.76188835,8.28049621,多云
南乐,14.59862306,10.37452668,晴
南陵,17.00940439,8.577499129,多云
南明,15.70536804,6.838145588,多云
南木林,6.970213499,14.51756198,多云
南宁,22.5903237,7.502262443,多云
南皮,14.28839532,10.2035124,晴
南票,10.64168848,11.13808901,晴
南平,20.97518097,8.530851431,多云
南谯,16.76058531,8.650684932,多云
南沙,23.93705386,6.864373783,多云
南山,21.04433657,6.417475728,多云
南市,13.62588085,11.56950673,晴
南通,16.60006889,7.822941784,多云
南溪,19.04290145,7.120951068,阴
南县,17.42980338,7.531562608,多云
南雄,20.84901758,8.430885901,多云
南浔,17.96163602,7.518706405,多云
南阳,16.35163511,9.035800344,晴
南岳,12.66057261,5.012073129,多云
南漳,16.45711333,9.244919049,多云
南长,17.91159696,7.61026616,多云
南召,15.79459366,9.770316804,晴
南郑,15.64248794,8.529634735,多云
囊谦,6.392045455,13.97692837,多云
讷河,2.977257064,10.88421778,晴
内黄,14.76299484,10.50223752,晴
内江,18.34441764,7.074776017,多云
内丘,14.14152893,10.73760331,晴
内乡,16.24526678,9.768330465,晴
嫩江,4.014989662,11.13680221,多云
尼勒克,8.042369962,14.58491216,晴
尼玛,1.625813008,12.84593496,多云
尼木,8.159145711,16.10747503,多云
碾子山,4.944796954,10.49873096,多云
聂拉木,4.920282369,9.925275482,多云
聂荣,-0.141666667,13.97601626,多云
宁安,4.90862069,12.03517241,多云
宁波,18.21587744,7.614206128,多云
宁波江北,18.53820683,7.382068263,多云
宁城,7.734676309,14.03202479,晴
宁德,20.81598897,6.700895934,多云
宁都,20.13478111,8.491554636,多云
宁洱,19.55773871,11.45260255,晴
宁国,17.07404181,9.224041812,多云
宁海,18.09585221,7.662600209,多云
宁河,13.69890289,9.363673304,晴
宁化,19.42901447,9.546519642,多云
宁江,7.016483516,10.38202973,晴
宁津,14.0323803,10.70547709,晴
宁晋,13.87917384,11.08020654,晴
宁蒗,13.7053756,14.94624397,晴
宁陵,15.58537005,9.62444062,晴
宁明,22.58045786,8.081950896,多云
宁南,19.98310927,11.18717684,晴
宁强,13.98793519,8.978283351,多云
宁陕,13.41784361,10.48777127,多云
宁武,7.776247849,10.64027539,晴
宁县,11.04015857,13.20268873,多云
宁乡,18.41224138,7.075517241,多云
宁阳,14.70995522,10.76197038,多云
宁远,19.45463953,7.582614695,多云
农安,5.406916724,12.2267722,晴
怒江,21.44743192,11.336091,阵雨
诺尔贡,8.724268503,12.98519793,晴
瓯海,20.34771574,7.362944162,多云
帕里,2.977789256,13.63946281,多云
潘集,17.46231466,7.765650741,多云
攀枝花,21.78039959,12.3089907,晴
攀枝花东区,18.11261261,10.53471118,晴
攀枝花西区,18.13195548,10.54478007,晴
盘锦,10.15008606,8.868846816,晴
盘龙,16.85939431,9.85105068,晴
盘山,10.37986231,9.129432014,晴
盘县,15.29169538,7.434527912,阵雨
磐安,17.67119471,9.467781261,多云
磐石,5.303165864,12.52236752,晴
炮台,8.152892562,12.33471074,多云
沛县,15.5275577,9.379607303,多云
彭山,17.5444521,7.313576844,多云
彭水,18.43717728,7.560068847,多云
彭阳,8.848657025,12.16976584,多云
彭泽,18.00413936,7.390824422,多云
彭州,17.27188146,7.536181943,多云
蓬安,18.45866345,7.334826042,多云
蓬江,23.67860049,6.174938975,多云
蓬莱,13.39049587,7.187327824,晴
蓬溪,17.80334367,7.210961737,多云
邳州,15.0700999,9.702721323,多云
皮山,13.12482782,12.89359504,晴
郫县,18.9419566,7.839131932,多云
偏关,9.043545611,13.71531842,晴
平安,6.805612948,12.23174931,多云
平坝,15.09321158,6.677119228,多云
平昌,17.8080634,8.411440386,多云
平川,10.16199187,12.12154472,晴
平顶山,16.18444597,9.434962147,晴
平定,11.99380379,11.70258176,晴
平度,13.65616391,10.25172176,晴
平房,5.666019417,10.54368932,晴
平谷,12.26911157,11.76136364,晴
平桂,21.08518754,8.250476796,多云
平果,23.09185668,7.409120521,多云
平和,22.38680221,8.978290834,多云
平湖,17.22754178,6.574860724,多云
平江,18.3763475,6.817374762,多云
平乐,20.55872595,7.924353019,多云
平利,15.87310606,9.631198347,多云
平凉,10.68767218,11.15426997,多云
平鲁,6.995695592,12.02100551,晴
平陆,15.09759036,10.91187608,晴
平罗,9.949035813,13.7369146,晴
平南,23.04889443,6.931174089,多云
平桥,17.10983397,8.11238825,多云
平泉,8.299483649,13.94492255,晴
平山,9.31918936,10.67131096,晴
平顺,10.35283993,11.78795181,晴
平潭,20.75430737,4.133700896,多云
平塘,17.83827075,7.950740613,多云
平武,15.7158856,8.375258442,多云
平乡,14.3,10.73493976,晴
平阳,19.15256008,6.986415883,多云
平遥,11.99776017,12.69021365,晴
平邑,14.81777472,9.712710989,多云
平阴,15.09659091,9.167011019,晴
平舆,16.07575758,9.307162534,晴
平原,14.26981392,10.59269469,晴
平远,21.64056777,9.313492063,多云
凭祥,22.35262994,7.755991285,多云
屏边,17.5162069,7.319310345,小雨
屏南,16.61779924,8.591238358,多云
屏山,18.60854962,7.371603053,阴
萍乡,19.11995863,7.97035505,晴
坡头,24.13934093,6.294141579,多云
鄱阳,19.19786281,6.992761117,晴
莆田,21.81517241,6.429655172,多云
蒲城,15.26662074,9.366172925,多云
蒲江,17.52772993,7.876679297,多云
蒲县,10.35915978,13.51101928,晴
濮阳,14.72030981,10.36179002,晴
浦北,23.5148771,6.979301423,多云
浦城,18.94452102,9.640937285,多云
浦东,17.91877551,6.860408163,多云
浦江,17.92682927,9.519860627,多云
浦口,16.82524105,8.058195592,多云
普安,14.98363762,7.263864967,多云
普定,15.93605653,6.61461565,多云
普洱,20.55534483,10.31896552,晴
普格,17.64586207,10.38413793,晴
普兰,4.510158402,13.18629477,多云
普兰店,10.70567986,9.991049914,晴
普宁,23.08862069,7.366896552,多云
普陀,17.47127437,5.803969359,多云
七里河,12.16064639,12.29721166,晴
七台河,4.785591175,9.934505343,晴
七星,20.23633952,7.384084881,多云
栖霞,16.11930926,7.927786499,多云
戚墅堰,17.79081633,7.636479592,多云
齐河,14.47193526,10.4280303,晴
齐齐哈尔,4.8341371,10.43024457,晴
祁东,19.35127674,7.094547964,多云
祁连,3.170282369,15.30544077,多云
祁门,17.55576856,9.218194493,多云
祁县,12.04974182,12.44578313,晴
祁阳,19.19485675,7.566793234,多云
岐山,13.39152893,10.73071625,晴
奇台,6.407713499,13.99931129,晴
淇滨,14.9163522,11.27295597,晴
淇县,15.18209983,10.02065404,晴
綦江,18.05368204,6.626978665,多云
蕲春,18.11578222,8.029634735,多云
麒麟,16.07346278,9.92815534,晴
杞县,15.80664601,9.470041322,晴
启东,16.63421778,7.262232943,多云
千山,11.4496124,8.954780362,晴
千阳,12.77816052,11.57974509,晴
迁安,12.29252755,11.19180441,晴
迁西,11.94061962,11.41101549,晴
铅山,16.09148863,10.30289456,晴
前郭,6.345611015,10.75938038,晴
前进,4.449838188,11.29449838,多云
乾安,6.489497245,10.63188705,晴
乾县,14.20902204,10.1707989,多云
潜江,17.46778084,8.037560303,多云
潜山,17.32915361,7.7687217,多云
黔东南,17.39701258,7.644654088,多云
黔江,16.70316804,7.319559229,多云
黔南,16.35652516,7.431603774,多云
黔西,15.85638731,7.44100895,多云
黔西南,16.95597484,6.759433962,多云
桥东,19.50623053,8.956386293,晴
桥西,14.90297542,9.64683053,晴
~口,18.06358941,8.561007101,多云
谯城,16.61006494,9.137012987,多云
巧家,21.8423501,9.990006892,晴
且末,11.79562672,15.38670799,晴
钦北,23.32986667,6.789866667,多云
钦南,23.26186667,6.7968,多云
钦州,23.37016382,6.403624956,多云
秦安,12.17826386,11.47674819,多云
秦都,14.7245603,10.4830402,多云
秦淮,17.54222222,7.728253968,多云
秦皇岛,10.93580034,9.536316695,晴
秦州,13.11567878,11.2319949,多云
沁水,11.73553719,11.85950413,晴
沁县,10.47831325,13.68709122,晴
沁阳,15.96952479,10.31095041,晴
沁源,10.32702238,14.04199656,晴
青白江,17.80012937,7.815006468,多云
青川,15.17034483,8.542068966,多云
青岛,13.83557163,5.910123967,晴
青冈,4.125775327,10.23432116,晴
青河,2.545454545,14.21763085,晴
青龙,10.6848537,12.01755594,晴
青龙山,7.486919105,11.67401033,晴
青浦,17.44561102,7.669879518,多云
青山,8.694039315,13.08370323,晴
青山湖,19.93718274,7.100253807,晴
青神,17.91244398,7.105825577,多云
青田,20.028223,8.582578397,多云
青铜峡,10.93090972,12.87422467,晴
青县,14.01394628,10.35778237,晴
青秀,22.93008804,7.541170378,多云
青羊,17.58306912,7.850982879,多云
青阳,17.42929293,8.634970394,多云
青原,19.39585852,8.237908102,多云
青云谱,19.89371827,7.070431472,晴
青州,14.26507062,10.60316914,晴
清城,22.97325362,7.120830711,多云
清丰,14.63894628,10.45006887,晴
清河,9.233204134,11.15245478,晴
清河门,9.614528796,12.94109948,晴
清涧,10.75826446,12.94214876,晴
清流,19.57219159,9.475878704,多云
清浦,16.03089888,8.815855181,多云
清水,10.61432507,12.79132231,多云
清水河,8.097762478,12.07641997,晴
清新,22.8096013,7.082994304,多云
清徐,11.70867769,12.67906336,晴
清原,6.932702238,13.07986231,晴
清远,22.46536871,7.083046175,多云
清苑,13.7247054,11.39171069,晴
清镇,15.38012401,6.826386497,多云
晴隆,15.13318401,7.045141282,多云
庆安,3.21490169,10.70093136,晴
庆城,10.77358815,12.97830579,多云
庆阳,9.242647059,9.034313725,多云
庆元,19.15005228,9.879051934,多云
庆云,13.84727961,10.98312672,晴
邛崃,17.47278677,7.821908371,多云
琼结,7.969918699,15.86666667,多云
琼山,25.45214106,6.200251889,多云
丘北,17.96377696,9.291819292,小雨
邱县,14.68997589,10.16534619,晴
渠县,18.42716942,7.675275482,多云
衢江,18.87680264,8.333745365,多云
衢州,18.48955068,8.295019157,多云
曲阜,15.57922838,9.363761626,晴
曲江,20.95847691,8.262232943,多云
曲靖,16.06788422,10.03308063,晴
曲麻莱,0.009125344,14.06370523,多云
曲水,9.972560976,14.99878049,多云
曲松,6.606504065,15.24796748,多云
曲沃,14.38326446,11.82231405,晴
曲阳,13.03581267,12.04614325,晴
曲周,14.87418244,10.11944923,晴
全椒,16.69529617,8.352961672,多云
全南,20.43036884,8.758703895,多云
全州,18.87114846,7.121693122,多云
泉港,22.34063492,6.448888889,多云
泉山,16.0954602,9.144900498,多云
泉州,22.05429162,6.289210617,多云
确山,16.09311532,9.268502582,晴
壤塘,6.870606478,15.29186768,多云
让胡路,5.786484772,9.802664975,晴
饶河,3.572216477,10.26335746,晴
饶平,21.63111647,7.174707099,多云
饶阳,14.11036501,10.7035124,晴
仁布,5.855487805,13.26219512,多云
仁和,22.04927636,13.31771192,晴
仁化,20.79307374,8.621295658,多云
仁怀,16.58252929,6.702618884,多云
仁寿,18.44122716,7.084453637,多云
任城,18.6851023,9.324168798,晴
任丘,14.35886403,10.11669535,晴
任县,14.29800413,10.89470062,晴
日喀则,7.600413365,16.06544953,晴
日喀则地,7.90101846,16.22724379,多云
日土,1.344918699,14.94756098,多云
日照,14.26205234,7.004132231,多云
荣昌,18.44197658,6.613292011,阴
荣成,12.84831267,7.355716253,多云
荣县,18.54099208,6.700310024,多云
容城,13.12000689,11.31852617,晴
容县,22.13717823,7.597262952,多云
榕城,23.32686084,7.839482201,多云
榕江,19.73793935,8.180909717,多云
融安,20.02323266,8.016594756,多云
融水,20.45032573,7.746905537,多云
如东,16.50482426,7.571330117,多云
如皋,16.20926628,8.639683086,多云
汝城,17.89893067,7.837185236,多云
汝南,14.3858864,9.843717728,晴
汝阳,15.54199656,9.676075731,晴
汝州,15.73630727,10.12986566,晴
乳山,12.79658973,9.418188081,多云
乳源,20.91278869,8.130989314,多云
芮城,13.81824441,11.52977625,晴
瑞安,19.47648903,6.673632881,多云
瑞昌,17.96552913,8.165460186,多云
瑞金,20.59200551,8.607856651,多云
瑞丽,22.04166667,11.79597701,晴
润州,17.56446335,7.844895288,多云
若尔盖,3.536526533,13.08339076,多云
若羌,12.57960028,16.25430737,晴
萨尔图,5.772036474,9.788247214,晴
萨嘎,4.851626016,15.67317073,多云
萨迦,5.880284553,15.4695122,多云
赛罕,8.163865546,11.73044602,晴
三都,19.3796073,8.346538064,多云
三河,12.86363636,11.15082645,晴
三江,19.46758452,8.491808993,多云
三门,18.29006969,8.584320557,多云
三门峡,15.15989673,9.929432014,晴
三明,21.0582357,8.825637491,多云
三山,17.91185796,7.443246671,多云
三水,23.01050999,6.754996554,多云
三穗,16.28386763,7.734918993,多云
三台,17.9419366,7.750861475,多云
三峡,17.51257753,8.645416954,多云
三亚,27.04912892,6.327526132,多云
三元,21.49482201,9.006472492,多云
三原,14.87741047,10.21349862,多云
桑日,9.570325203,14.25934959,多云
桑植,17.45136254,8.132804415,多云
色达,2.563081696,15.27714581,多云
沙河,14.16528926,11.1446281,晴
沙河口,12.55644644,6.579217447,晴
沙坡头,11.24366286,13.16159696,晴
沙湾,18.69021387,6.90602722,多云
沙县,21.08897286,9.280659567,多云
沙雅,12.45727085,12.85665059,晴
沙洋,17.43452623,7.442456283,多云
沙依巴克,8.7873891,9.100760456,晴
莎车,12.92731657,12.68963142,晴
厦门,22.22838443,6.703410265,多云
山城,14.9198204,11.35599743,晴
山丹,8.430268595,13.71246556,晴
山海关,11.49708171,9.721789883,晴
山南,9.925421977,14.9545298,多云
山亭,15.9464512,9.620405577,多云
山阳,16.89987163,9.825417202,多云
山阴,8.861790017,13.06196213,晴
陕县,15.66883381,10.0073141,晴
汕头,23.31305996,6.271881461,多云
汕尾,23.24052378,5.714679531,多云
鄯善,13.56409373,14.38525155,晴
商城,16.67366609,8.410327022,晴
商都,5.033230028,12.71177686,晴
商河,13.9686747,11.34113597,晴
商洛,13.77014463,10.84538567,多云
商南,14.78960055,10.77066116,多云
商丘,15.39053356,9.837865749,晴
商水,15.86828512,9.671143251,晴
商州,14.17601626,10.85284553,多云
上蔡,15.98811983,9.475550964,晴
上城,18.76601141,7.693088142,多云
上甘岭,2.661812298,12.27378641,多云
上高,19.11599448,7.696311617,晴
上海,18.15438898,6.239931153,多云
上杭,21.6643694,8.992419021,多云
上街,16.64770419,9.471759447,晴
上栗,19.42839707,8.34906428,多云
上林,21.56088255,7.648639681,多云
上饶,19.3526878,8.466919366,晴
上思,22.13811421,8.11752988,多云
上犹,20.49500345,8.653687112,多云
上虞,17.77855153,7.631615599,多云
尚义,4.21315427,13.83953168,晴
尚志,4.463128877,11.24259132,晴
韶关,20.97622329,8.284631289,多云
韶山,18.29347826,7.682194617,晴
邵东,17.93980683,7.744394619,多云
邵武,19.35608411,9.396759738,多云
邵阳,18.07229124,7.820910973,多云
绍兴,18.31998607,7.142061281,多云
舍伯吐,7.666379607,11.63107131,晴
社旗,15.73484848,9.752754821,晴
射洪,17.90251464,7.539786428,多云
射阳,15.42714433,8.104719256,多云
涉县,14.36983471,10.77203857,晴
申扎,1.299758953,12.95626722,多云
莘县,14.79690189,10.10671256,晴
深泽,14.0827883,10.65783133,晴
深圳,23.7806685,5.876292212,多云
深州,14.67710843,10.08812392,晴
什邡,17.2396623,7.38766368,多云
神池,6.333390706,11.62788296,晴
神木,10.02823691,12.54683196,晴
神农架,13.18567,9.922149501,多云
沈北,9.254844961,11.63630491,晴
沈河,9.63379397,11.50628141,晴
沈丘,16.15523777,9.438662991,晴
沈阳,8.82444062,11.52908778,晴
沈阳铁西,6.706263499,11.87473002,晴
嵊泗,17.05923345,4.426480836,多云
嵊州,17.82061999,8.203413445,多云
师宗,15.23612547,9.100310238,晴
狮泉河,1.741474337,14.61005856,多云
狮子山,18.11721728,7.3386277,多云
施秉,17.58824543,8.173388487,多云
施甸,18.86271128,11.46464298,晴
负,17.11032713,8.171905067,多云
十堰,16.5494657,9.971044467,多云
石城,19.96071675,8.749827705,多云
石岛,12.89948365,6.192771084,多云
石峰,19.46685787,7.387507967,多云
石鼓,19.72860712,7.036227358,多云
石拐,8.68249354,12.90374677,晴
石河子,8.411673554,11.98794766,多云
石家庄,14.81916724,9.502752925,晴
石家庄桥东,14.77077039,9.515861027,晴
石景山,13.60688468,10.31531842,晴
石林,17.52722261,10.62164025,晴
石龙,16.33827712,10.2832182,晴
石楼,10.69645317,10.80268595,晴
石门,18.00983098,7.624353225,多云
石棉,18.20771616,8.39269721,小雨
石屏,19.24913853,10.60096485,多云
石阡,17.81082012,7.438318401,多云
石渠,0.728118539,13.0206754,多云
石泉,15.67039972,9.962439697,多云
石狮,22.40012205,6.376322213,多云
石首,17.77274294,7.287043418,多云
石台,17.42093347,9.740508534,多云
石柱,16.91686747,8.185542169,多云
石嘴山,9.853305785,14.31818182,晴
始兴,20.97345743,8.656325405,多云
市北,16.79661558,6.1449553,晴
市南,14.33214286,5.818367347,晴
寿光,14.66126809,10.13576844,晴
寿宁,16.31030324,8.206409373,多云
寿县,16.5635667,8.333681644,多云
寿阳,8.696385542,13.87401033,晴
舒城,16.86916376,8.561324042,多云
舒兰,5.245006887,10.82747934,晴
疏附,13.36321138,11.71829268,晴
疏勒,13.3453252,11.71504065,晴
蜀山,17.55992391,8.295497781,多云
沭阳,15.53203583,8.662418188,多云
双柏,16.40589452,8.7628404,晴
双城,5.293073742,10.53308063,晴
双峰,18.30182822,7.874439462,多云
双湖,-2.479878049,12.71910569,多云
双江,17.59689655,13.74689655,晴
双辽,7.142807983,11.74053682,晴
双流,17.69393731,7.821908371,多云
双滦,10.2023507,12.93329098,晴
双牌,19.12439614,7.30952381,多云
双桥,10.39163498,13.02408112,晴
双清,18.59002509,7.694479297,多云
双塔,10.58656331,12.85142119,晴
双台子,10.43822768,9.427554981,晴
双鸭山,5.314137931,8.819310345,晴
双阳,6.213080895,10.81790017,晴
水城,13.75542542,7.559076817,多云
水富,16.17928368,8.671143671,小雨
水磨沟,7.633079848,9.688212928,晴
顺昌,20.25620262,9.10854583,多云
顺德,24.03308063,6.477601654,多云
顺河回族,15.03954082,9.099489796,多云
顺平,13.57865749,11.00585198,晴
顺庆,17.10485934,7.800511509,多云
顺义,13.40123882,10.40261528,晴
朔州,8.392771084,14.03304647,晴
思茅,20.3644015,10.03927681,晴
思明,24.14165589,6.807244502,多云
思南,18.53239145,7.338387319,多云
四方台,5.439935065,9.237012987,晴
四会,22.53480358,7.982770503,多云
四平,8.320309811,10.52013769,晴
四子王旗,5.123407917,12.56901893,晴
泗洪,15.80399587,8.678608336,多云
泗水,16.12758264,10.25792011,晴
泗县,16.4414838,8.431556949,多云
泗阳,15.71812543,8.416264645,多云
松北,5.665479275,10.43199482,晴
松江,17.72315898,7.209566414,多云
松潘,7.573225362,13.80530669,多云
松山,8.665567282,12.23087071,晴
松桃,17.44210889,7.430048243,多云
松溪,19.5306685,9.714679531,多云
松阳,19.88978162,9.543057272,多云
松原,6.406196213,10.40688468,晴
松滋,17.88856355,7.236307268,多云
嵩明,15.87956582,11.09614059,晴
嵩县,15.79845095,9.403442341,晴
苏家屯,9.359660574,11.63707572,晴
苏仙,19.59327902,7.150712831,多云
苏州,17.79321625,7.002410468,多云
苏左旗,4.565086888,12.3206951,晴
肃北,6.986742424,13.97417355,晴
肃南,5.395144628,13.47141873,晴
肃宁,13.65283993,11.28433735,晴
肃州,9.126425856,13.56844106,晴
睢宁,15.54034483,9.242758621,多云
睢县,15.40499139,9.875043029,晴
睢阳,15.48711502,10.22501571,晴
濉溪,15.80470383,9.160627178,多云
绥滨,3.473121985,9.882150241,多云
绥德,10.72070986,12.07753274,晴
绥芬河,3.865093039,9.801860786,晴
绥化,4.427463818,9.974844935,晴
绥江,18.47001034,6.94622544,小雨
绥棱,2.871896552,10.79482759,晴
绥宁,18.45358868,8.029330573,多云
绥阳,16.24620951,6.939007581,多云
绥中,10.57420799,10.96590909,晴
随州,16.47778926,10.16976584,多云
遂昌,18.59146341,9.672125436,多云
遂川,19.99638181,8.061681599,多云
遂宁,18.00465036,7.248708233,多云
遂平,15.78227194,9.915662651,晴
遂溪,23.69938931,7.039083969,多云
孙吴,1.756202619,11.68607857,多云
索县,3.724173554,13.79269972,多云
塔城,8.73415978,12.13774105,晴
塔河,-1.306618407,15.28128232,多云
塔什库尔干,3.423527385,12.44677919,晴
塔中,11.58749569,17.33689287,晴
台安,9.558519793,10.8636833,晴
台儿庄,12.71736135,10.09748536,多云
台江,22.02434211,7.181578947,多云
台前,14.73717728,10.17659208,晴
台山,23.15191182,6.565621771,多云
台中,23.49352751,5.663790004,小雨
台州,18.60463092,7.318593315,多云
太白,9.615914571,11.31105753,多云
太仓,17.3010327,7.505335628,多云
太谷,11.76815835,12.6130809,晴
太和,11.09140827,10.66472868,晴
太湖,17.40316963,7.528039011,多云
太华山,14.61026878,9.529979325,晴
太康,15.99845041,9.297176309,晴
太平,9.332687339,12.99095607,晴
太仆寺,3.407165002,11.63968309,晴
太原,11.62822719,12.64716007,晴
太子河,10.51614987,10.90956072,晴
泰安,14.52427686,10.62086777,多云
泰和,20.18050293,7.74646917,多云
泰来,5.312370779,11.32356995,多云
泰宁,19.13611303,9.589248794,多云
泰山,14.90591567,10.73190686,多云
泰顺,17.2995472,9.007314525,多云
泰兴,16.80933517,7.856355494,多云
泰州,16.44710544,8.11061337,多云
郯城,14.96212121,9.646694215,多云
覃塘,23.96127367,7.337349398,多云
汤旺河,2.621862616,12.25297226,多云
汤阴,14.93887741,10.29786501,晴
汤原,3.967942089,10.95760083,晴
唐海,12.7626506,8.901549053,晴
唐河,16.18141136,9.40172117,晴
唐山,13.28433735,11.2172117,晴
唐县,14.17917384,10.8444062,晴
塘沽,11.65645439,9.171084337,晴
洮北,6.888888889,11.70542636,晴
洮南,6.532358003,11.74974182,晴
桃城,15.09664132,10.22750317,晴
桃江,18.03692202,7.744651484,多云
桃山,4.912573674,10.10543549,多云
桃源,17.8037931,7.676551724,多云
陶乐,9.82369146,14.0392562,晴
特克斯,7.444559229,12.79683196,晴
腾冲,16.40037918,10.75456739,晴
滕州,15.23209366,9.914600551,多云
藤县,22.45141066,7.913618948,多云
天池,4.27601654,9.615437629,晴
天等,21.06540505,7.041168659,多云
天峨,20.91962803,8.118233145,多云
天河,23.5605178,7.33592233,多云
天津,14.73830007,8.67136958,晴
天门,17.54133655,7.879090596,多云
天宁,17.83639822,7.737476221,多云
天桥,16.17585551,9.347908745,晴
天全,16.40489318,7.079255686,小雨
天山,8.782002535,9.095057034,晴
天水,13.12172865,10.70075758,多云
天台,17.95001742,9.146987113,多云
天心,19.17383178,6.98317757,多云
天涯,25.0880901,7.969453872,多云
天元,19.44688295,7.38740458,多云
天长,16.57595819,7.801393728,多云
天镇,7.939910468,13.24827824,晴
天柱,17.43969676,7.962095107,多云
天祝,4.344180441,14.45213499,晴
田东,23.23078176,7.843973941,多云
田家庵,17.33472401,7.86071887,多云
田林,22.0923895,8.723828514,多云
田阳,22.41733068,8.155378486,多云
调兵山,9.440447154,10.8304878,晴
铁东,9.455555556,8.755555556,晴
铁锋,5.420830629,10.40428293,多云
铁干里克,12.29658973,15.45642439,晴
铁力,2.746898691,11.99620951,晴
铁岭,8.814049587,10.8822314,晴
铁山,18.62993087,7.991053274,多云
铁山港,24.04960212,6.064190981,多云
铁西,7.035616438,11.24657534,晴
亭湖,16.48383006,8.259987318,多云
通城,17.88042729,8.493452791,多云
通川,18.21571798,8.14683053,多云
通道,17.9051397,7.750948603,多云
通海,16.75431034,9.992068966,晴
通河,3.705203308,11.51998622,晴
通化,4.184509466,13.25783133,晴
通江,17.42502585,8.634264047,多云
通辽,8.135283993,11.19311532,晴
通山,18.59727961,8.388085399,多云
通渭,8.223734068,12.44057871,晴
通许,15.82816804,9.35261708,晴
通榆,6.464027539,11.74733219,晴
通州,17.05835706,7.813338756,多云
同安,22.81409373,7.590971744,多云
同德,4.720730028,15.16528926,晴
同江,3.427094105,9.94346777,晴
同仁,6.348577236,11.24674797,多云
同心,10.70196281,12.86742424,晴
桐柏,16.29225473,9.195869191,晴
桐城,16.96097561,8.041114983,多云
桐庐,17.88749565,8.440264716,多云
桐乡,17.54491643,7.282729805,多云
桐梓,15.78308063,6.517229497,多云
铜川,12.51532897,10.31002411,晴
铜鼓,18.17884218,8.912474156,晴
铜官山,17.98057325,7.40955414,多云
铜梁,18.77289945,6.530647383,多云
铜陵,17.66510382,7.450770261,多云
铜仁,17.99758704,7.365046536,多云
铜山,16.25071167,9.095973973,多云
潼关,14.84349174,8.891528926,多云
潼南,18.30567986,6.914285714,多云
头道湖,9.941480207,10.983821,晴
头屯河,8.954429573,9.119821542,晴
突泉,6.728728901,11.30589046,晴
图们,6.760068847,11.0141136,晴
土左旗,8.170720152,12.18224889,晴
吐鲁番,16.84183322,11.78290834,晴
团风,18.43513623,7.735664904,多云
屯留,11.31325301,12.25129088,晴
屯溪,17.92894462,8.874956461,多云
托克托,8.915920055,12.45623708,晴
托克逊,16.06995176,13.28738801,晴
托里,7.014807163,10.41597796,晴
瓦房店,10.67654151,9.414398898,晴
湾里,20.05777921,7.076178179,晴
宛城,16.27358491,9.116981132,多云
万安,19.78731472,7.926232334,多云
万柏林,11.70931677,12.87080745,晴
万年,19.06082012,8.570296347,晴
万全,9.267125645,12.14182444,晴
万荣,14.26145367,10.70892181,晴
万山,15.04341833,6.181254307,多云
万盛,18.71325301,7.204130809,多云
万秀,22.21537162,8.002815315,多云
万源,15.95711333,8.968308646,多云
万载,18.80679076,8.100310238,晴
万州,19.76838683,7.982121089,多云
汪清,5.109466437,13.09466437,晴
王益,13.36707633,10.20892626,晴
旺苍,17.32908339,8.017229497,多云
望城,19.25610749,6.898208469,多云
望都,13.37672176,11.30371901,晴
望花,8.233678087,12.71170006,晴
望江,17.7674216,7.162020906,多云
望奎,4.096206897,10.31586207,晴
望谟,20.76507062,8.33138133,多云
威海,13.58422322,6.350671719,多云
威宁,12.19010686,8.625646329,多云
威县,14.05132621,10.98863245,晴
威信,14.80696312,7.089279559,小雨
威远,18.60485348,6.733516484,多云
微山,15.99448846,8.730967964,晴
巍山,17.02427481,13.14045802,晴
围场,5.591910499,13.56041308,晴
涠洲岛,23.82322176,5.080892608,多云
维西,13.33706897,12.82034483,阵雨
维扬,15.93009321,8.696404794,多云
潍城,15.54,10.04,晴
潍坊,14.33930417,10.07578367,晴
卫滨,15.0419708,9.791970803,晴
卫东,16.41314103,9.445512821,多云
卫辉,15.69628099,9.855371901,晴
未央,15.96110631,9.690579084,多云
尉犁,11.79875948,15.15437629,晴
尉氏,15.7413021,9.581122976,晴
渭滨,14.95168067,9.771308523,多云
渭城,13.93521851,10.61182519,多云
渭南,15.09452479,9.806129477,多云
渭源,7.435950413,11.78305785,晴
蔚县,7.274304155,11.67890278,晴
魏都,15.67256098,10.59390244,晴
魏县,14.66198891,10.27754678,晴
温江,17.24552033,7.790833908,多云
温岭,18.94078718,6.856147684,多云
温泉,4.892389807,10.99690083,晴
温县,15.8858864,10.47951807,晴
温宿,11.67464692,12.44057871,晴
温州,19.7394636,7.324973877,多云
文安,13.74698795,10.86402754,晴
文成,19.48239805,9.014987801,多云
文登,13.00929752,8.039256198,多云
文峰,15.77047619,9.996825397,多云
文山,19.33574629,9.509134781,小雨
文圣,10.06222222,10.92190476,晴
文水,11.71790017,12.83820998,晴
文县,16.02462121,10.01549587,多云
闻喜,14.00172176,12.00137741,晴
汶川,15.07113331,9.315535653,多云
汶上,14.38929063,11.56163912,晴
翁牛特,7.023407917,12.59965577,晴
翁源,21.39089969,8.497759393,多云
瓮安,14.8281627,6.791106515,多云
涡阳,16.22849181,8.900034831,多云
卧龙,16.66466118,9.276124129,多云
乌达,10.57945736,13.82816537,晴
乌当,16.08887358,6.872890114,多云
乌尔禾,9.760569106,8.907317073,晴
乌海,10.43422865,13.54614325,晴
乌后旗,8.697590361,13.20378657,晴
乌拉盖,2.064416121,12.75783672,晴
乌兰察布,6.049411765,12.56470588,晴
乌兰浩特,6.514634986,11.06508264,晴
乌鲁木齐,8.363464187,8.990702479,晴
乌马河,2.718490083,12.44017914,多云
乌恰,8.112469859,11.11229762,晴
乌前旗,9.849447077,11.51374408,晴
乌什,9.597451791,13.55853994,晴
乌审,9.262741047,12.01033058,晴
乌市牧试站,5.792886179,10.17682927,晴
乌斯太,9.965048209,10.98243802,晴
乌苏,9.088326446,10.10709366,晴
乌伊岭,0.41137931,13.43517241,晴
乌中旗,8.366586176,13.16540899,晴
巫山,19.02841888,8.193937306,多云
巫溪,18.26695353,8.982788296,多云
无棣,14.25396006,10.07128099,晴
无极,14.17641997,10.52977625,晴
无为,16.85199161,7.453249476,多云
无锡,17.36587466,7.728305785,多云
芜湖,17.4211351,7.846448468,多云
吴堡,11.87959113,11.81808732,晴
吴川,23.59022901,5.860763359,多云
吴江,17.74913912,6.998278237,多云
吴起,9.487398374,14.09105691,晴
吴桥,14.12271945,10.56075731,晴
吴兴,17.91407736,7.467977172,多云
吴中,18.19776423,6.996341463,多云
吴忠,11.86823975,12.12366517,晴
梧州,21.85214211,7.827586207,多云
五常,5.17511203,10.3874526,晴
五大连池,1.245604964,12.05618752,多云
五峰,15.7670572,9.50103377,多云
五河,15.99373259,8.479108635,多云
五华,22.30603448,8.521034483,多云
五莲,14.48276456,9.499827646,多云
五台,8.543290855,14.75,晴
五台山,4.586088154,9.309917355,晴
五通桥,18.72815534,6.930744337,多云
五营,1.245435756,13.50430589,晴
五原,8.581583477,12.85886403,晴
五寨,6.702479339,13.94972452,晴
伍家岗,17.62016487,8.110336081,多云
武安,14.89036145,9.720826162,晴
武昌,17.9220038,8.583386176,多云
武城,14.44626249,10.25594213,晴
武川,4.670798898,11.30096419,晴
武定,16.58816425,13.08247067,晴
武都,13.39838099,10.16017913,多云
武冈,18.18655172,7.42,多云
武功,14.46833046,10.14492255,多云
武汉,17.39958663,8.677230451,多云
武侯,17.83365508,7.932432432,多云
武江,21.34092758,8.246541904,多云
武进,17.61081741,7.742984953,多云
武陵,18.33826367,7.475241158,多云
武陵源,18.86782077,8.19592668,多云
武隆,18.21748107,7.547832072,多云
武鸣,22.72761316,7.504070335,多云
武宁,18.06736733,8.254651964,多云
武平,20.8904204,8.878704342,多云
武强,13.86931818,11.19593664,晴
武清,13.65903614,10.11876076,晴
武山,12.17154668,10.8012401,多云
武胜,18.2258009,6.764381674,多云
武威,10.00602617,12.53822314,晴转多云
武乡,10.42943201,13.3394148,晴
武宣,21.77173192,7.351028534,多云
武穴,17.81650586,7.77773949,多云
武夷山,19.55222337,9.178214409,多云
武义,18.46882619,9.214211076,多云
武邑,14.64910468,10.09779614,晴
武陟,15.81790017,10.4777969,晴
舞钢,15.98777969,9.709810671,晴
舞阳,15.45232358,10.63476764,晴
务川,17.05031013,6.971743625,多云
婺城,19.43591371,7.804568528,多云
婺源,18.56960717,9.494141971,晴
西安,15.50361446,9.639242685,多云
西安区,5.80317041,10.34214003,多云
西昌,18.30909717,11.7980703,晴
西城,13.76923077,10.86538462,晴
西充,17.8674595,7.484660462,多云
西畴,17.04758621,7.863448276,小雨
西丰,5.935283993,14.2292599,晴
西峰,10.93463074,10.74085163,多云
西岗,12.64276486,6.547803618,晴
西工,16.17269841,9.611428571,晴
西固,12.17363752,12.41064639,晴
西和,10.61174242,10.72417355,多云
西湖,17.88020833,7.783564815,多云
西华,16.19862306,8.997590361,晴
西吉,7.215983465,12.1005856,多云
西林,2.489935065,12.32922078,多云
西陵,17.36598259,8.133706468,多云
西盟,20.83931034,11.05172414,晴
西宁,7.108471074,14.9607438,多云
西平,15.98244406,9.636488812,晴
西青,13.93117688,9.903647626,晴
西塞山,18.64314762,7.976819845,多云
西山,16.41936508,10.10730159,晴
西市,11.00193924,8.279250162,晴
西乌旗,2.464359504,12.92045455,晴
西峡,16.51894592,9.435411643,晴
西夏,11.53041825,12.06844106,晴
西乡,15.66207372,9.683086462,多云
西乡塘,22.66571131,7.701406983,多云
西秀,16.82038835,7.138511327,多云
希拉穆,4.589848547,13.28284896,晴
昔阳,10.97160069,12.78795181,晴
息烽,15.64467792,6.851188426,多云
息县,16.65611015,8.457831325,晴
浠水,17.84710744,8.332644628,多云
淅川,16.32271945,9.6616179,晴
锡林高勒,9.700688468,11.91428571,晴
锡林郭勒,4.594509804,13.06666667,晴
锡林浩特,2.533562823,13.02719449,晴
锡山,17.81341463,7.756910569,多云
溪湖区,9.978139535,10.30046512,晴
歙县,17.66422849,9.108324626,多云
习水,14.5502928,6.227006545,多云
隰县,10.58192771,13.0020654,晴
喜德,15.52137194,11.3833161,多云
细河,9.384689922,12.9373385,晴
峡江,18.92933471,8.250947949,多云
霞浦,19.535505,6.105825577,多云
霞山,24.14544345,6.29170057,多云
下城,18.74350032,7.707672796,多云
下关,17.53680203,7.817258883,多云
下花园,9.810776139,11.878127,晴
下陆,18.62911753,8.008946726,多云
夏河,6.486225895,14.07300275,晴
夏津,14.35588843,10.49070248,晴
夏县,14.09724613,12.68881239,晴
夏邑,15.46177686,9.778236915,晴
仙居,18.50609756,8.985017422,多云
仙桃,17.58473992,7.984498794,多云
仙游,21.98587181,8.22467264,多云
咸安,18.19638325,8.524746193,多云
咸丰,14.94333448,7.436789528,多云
咸宁,17.71184981,8.384085429,多云
咸阳,14.71652324,10.66953528,多云
献县,14.17487091,10.33321859,晴
乡城,11.85607448,14.85622711,多云
乡宁,11.68285124,11.5785124,晴
芗城,23.14543269,8.492788462,多云
相城,18.14271523,7.065562914,多云
相山,16.51651842,9.07115629,多云
香坊,5.611003236,10.49838188,晴
香港,23.56184522,4.573504562,多云
香格里拉,5.984137931,10.8462069,多云
香河,13.36626506,10.57211704,晴
香洲,23.94076433,5.203821656,多云
湘东,19.51566314,8.136289666,晴
湘桥,23.18405703,8.221646144,多云
湘潭,18.50827586,7.588965517,晴
湘乡,17.33810345,8.372758621,晴
湘阴,18.37706897,6.85,多云
襄城,15.80578512,10.02548209,晴
襄汾,14.41187608,11.42065404,晴
襄阳,17.20708726,8.276526014,多云
襄阳襄城,15.52261307,8.703517588,多云
襄垣,11.10519972,13.08987603,晴
襄州,16.8252909,8.099589322,多云
镶黄旗,4.956626506,11.81067126,晴
祥云,16.22637931,10.71965517,晴
响水,15.23208132,8.703308063,多云
向阳,0.589244851,12.3409611,多云
项城,15.73657025,9.776859504,晴
象山,18.30205432,7.084610028,多云
象州,21.48506967,7.855341739,多云
萧山,18.16869777,7.508008357,多云
萧县,15.38710801,9.845993031,多云
V亭,17.62714014,8.159797083,多云
小店,11.79982788,12.20275387,晴
小二沟,1.086574871,13.59208262,晴
小河,15.72143148,6.853192355,多云
小金,12.62693765,13.1209094,多云
小渠子,5.02359628,10.20013779,晴
孝昌,17.90605937,8.392842619,多云
孝感,17.48725017,8.399035148,多云
孝南,17.71718453,8.684844642,多云
孝义,12.10003444,12.35365014,晴
谢家集,17.37705436,7.928571429,多云
谢通门,6.787398374,15.25853659,多云
辛集,14.6875,9.735192837,晴
忻城,21.48888151,7.376037172,多云
忻府,10.05921569,12.71294118,晴
忻州,10.24492255,13.11497418,晴
新安,15.23803787,9.35869191,晴
新北,17.4550732,7.661282181,多云
新宾,7.23730191,13.38886631,晴
新蔡,15.93924269,9.344234079,晴
新昌,17.78780488,8.373519164,多云
新城,14.66223404,10.2287234,多云
新都,17.67729152,7.674362509,多云
新丰,21.28540904,8.602564103,多云
新抚,7.167236955,12.74679213,晴
新干,19.31788422,7.797725706,多云
新和,11.20798898,13.63980716,晴
新河,14.3070568,10.4757315,晴
新华,14.8961165,9.71197411,晴
新化,18.14349776,7.766816143,多云
新晃,17.67017604,8.018985157,多云
新会,23.36009649,6.238456237,多云
新建,19.41040662,6.736044108,晴
新绛,14.94905336,11.03476764,晴
新界,23.76219512,4.598954704,多云
新津,17.69135377,7.758870134,多云
新乐,12.25309917,10.77410468,晴
新林,-1.105825577,15.70286108,多云
新龙,9.702618884,17.09166092,多云
新罗,21.64666667,9.335238095,多云
新密,15.62478485,9.571084337,晴
新民,9.079028926,11.20213499,晴
新宁,18.04123533,7.799516908,多云
新平,18.45622199,10.96070321,晴
新浦,15.9305984,8.816162862,多云
新青,2.69021025,12.28055191,多云
新邱,9.304586563,12.9877261,晴
新荣,7.989190859,14.67881408,晴
新邵,18.14825682,7.922333448,多云
新市,6.556402439,8.844512195,晴
新泰,14.54252755,10.2572314,多云
新田,19.51241808,7.457399103,多云
新县,16.40339739,8.537062457,晴
新乡,15.79424931,9.69731405,晴
新兴,22.87676663,8.061013444,多云
新野,16.34371773,9.265748709,晴
新沂,15.22371596,9.46087556,多云
新右旗,2.107745267,11.85542169,晴
新余,19.0676886,6.899414399,多云
新源,10.36794077,11.87637741,晴
新郑,15.78313253,9.514629948,晴
新洲,17.50998967,8.954529797,多云
新左旗,1.029580441,11.42650166,晴
信丰,20.81954498,8.28300586,多云
信阳,16.66356749,8.201790634,晴
信宜,23.38091603,7.911755725,多云
信州,19.75771605,8.446296296,晴
星子,18.10186143,6.775249914,多云
邢台,14.92630854,9.510330579,晴
邢台桥西,13.28676471,9.803921569,晴
兴安,18.98895457,7.353142502,多云
兴安盟,7.1,10.95921569,晴
兴宾,21.75899844,7.430359937,多云
兴城,9.877624785,11.65679862,晴
兴国,20.29875948,8.466574776,多云
兴海,2.601584022,15.53512397,晴
兴和,6.188598002,12.82983121,晴
兴化,16.16396831,8.230795729,多云
兴隆,8.392217631,12.40013774,晴
兴隆台,10.59993655,9.498096447,晴
兴宁,22.1959707,8.933455433,多云
兴平,14.73544609,10.22252842,多云
兴庆,11.51150498,12.15733831,晴
兴仁,16.49586492,7.527911785,多云
兴山,17.57032058,9.606687349,多云
兴文,18.79496899,7.297725706,阴
兴县,10.50757837,11.77092663,晴
兴业,22.98773364,7.331386293,多云
兴义,17.38420325,7.629104736,多云
杏花岭,11.82957393,12.81704261,晴
雄县,13.18932874,11.28192771,晴
休宁,17.69174504,8.960640892,多云
修水,18.13771113,9.572216477,多云
修文,14.6658629,6.804684809,多云
修武,15.36230637,10.80378657,晴
宿城,16.60721003,8.267711599,多云
宿迁,15.68297726,8.376981392,多云
宿松,17.85649599,7.315917799,多云
宿豫,16.1407076,8.318015453,多云
宿州,16.11829268,8.788501742,多云
秀峰,20.37288136,7.31779661,多云
秀山,16.98932874,7.118072289,多云
秀英,25.22856242,6.242749054,多云
秀屿,22.09092758,5.974369406,多云
秀屿港,21.63283942,5.757753274,多云
秀洲,18.14881694,7.130759651,多云
岫岩,8.687844353,12.50860882,晴
盱眙,16.22786772,8.178780572,多云
徐家汇,18.17975207,6.249311295,多云
徐水,12.94836489,11.62753873,晴
徐闻,24.70434183,6.585113715,多云
徐州,15.76318511,9.10237849,多云
徐州鼓楼,23.5,9,阴
许昌,15.56318871,10.30475207,晴
叙永,19.00258621,7.246551724,小雨
溆浦,18.13250518,7.821256039,多云
宣城,17.1266992,8.592192402,多云
宣恩,16.78876637,7.911095796,多云
宣汉,17.8239752,7.898036514,多云
宣化,9.013960703,13.49844881,晴
宣威,14.97708477,9.935561682,晴
宣州,17.6772554,8.476493011,多云
玄武,17.48891001,7.790240811,多云
薛城,15.93526171,8.489669421,多云
旬阳,17.08129521,9.841543231,多云
旬邑,10.04390496,11.02376033,多云
寻甸,16.35051724,11.11896552,晴
寻乌,20.5615093,8.705375603,多云
浔阳,18.54885787,7.629441624,多云
循化,10.33258698,12.07750603,晴
逊克,1.593071355,11.50465357,多云
牙克石,-1.22562866,12.46021357,晴
崖州,25.10108025,7.70154321,多云
雅安,17.16620737,6.920082673,小雨
雅布赖,9.765323691,13.32334711,晴
雅江,12.77515507,16.4965541,多云
亚东,1.91199187,12.9199187,多云
烟台,13.4106405,7.314393939,晴
焉耆,9.556818182,14.15289256,晴
鄢陵,15.48141136,10.5827883,晴
延安,10.76385542,12.48812392,晴
延川,11.42045455,13.23071625,晴
延吉,6.415834768,10.90258176,晴
延津,15.37693632,10.08399312,晴
延平,21.4407767,8.54368932,多云
延庆,10.36596696,11.45320028,晴
延寿,4.043418332,11.72157133,晴
延长,11.25998623,13.92011019,晴
炎陵,18.58020007,8.841669541,多云
沿河,18.64886285,7.432804962,多云
沿滩,18.98350582,6.668175938,多云
盐边,21.63197795,13.48035837,晴
盐城,15.77488805,8.239407509,多云
盐池,9.492768595,13.05853994,晴
盐都,16.23820179,8.240439382,多云
盐湖,15.49105431,11.09840256,晴
盐津,18.78464591,7.813492063,小雨
盐山,13.96815835,10.1869191,晴
盐田,24.14304207,5.763106796,多云
盐亭,17.83672063,7.681708577,多云
盐源,13.23285074,11.62116512,晴
阎良,15.62015504,9.749354005,多云
兖州,14.79893177,10.8080634,晴
郾城,16.40943635,10.0310323,晴
偃师,15.99965671,9.641606591,晴
砚山,17.4485339,9.262981063,小雨
雁峰,19.87952956,6.988556898,多云
雁山,20.67572816,7.272491909,多云
雁塔,15.70961413,9.913669065,多云
扬中,16.81846366,7.902859111,多云
扬州,16.65139511,8.414054426,多云
阳城,13.32375215,10.89948365,晴
阳春,23.55289456,6.692281185,多云
阳东,23.63364524,5.981692433,多云
阳高,8.217555938,12.80688468,晴
阳谷,14.80475207,10.14738292,晴
阳江,23.2946244,5.94417643,多云
阳明,6.012459016,11.8295082,晴
阳曲,9.552858127,14.29166667,晴
阳泉,11.77806474,11.51205234,晴
阳山,21.56581668,7.83252929,多云
阳朔,20.21483079,8.041473125,多云
阳西,23.64096827,5.973555736,多云
阳新,18.3837009,7.659889731,多云
阳信,13.95006887,10.5792011,晴
阳原,9.378746125,12.35721667,晴
杨陵,4.638888889,11.11111111,多云
洋县,15.79383396,9.598691009,多云
漾濞,17.49345279,13.60509993,晴
尧都,15.42075823,10.98570541,晴
姚安,16.74465517,13.0037931,晴
瑶海,17.53487635,8.263157895,多云
耀县,13.59573003,10.03168044,晴
耀州,13.59796748,10.21219512,晴
叶城,13.13102617,11.84469697,晴
叶县,15.83597246,10.02857143,晴
伊川,14.8616948,11.26730968,晴
伊春,2.277222605,12.62060648,晴
伊金霍洛,8.180502928,11.78642783,晴
伊克乌素,8.531325301,13.38898451,晴
伊宁,10.49224673,12.46485183,晴
伊通,7.546111493,10.81417756,晴
伊吾,5.034423408,12.7869191,晴
依安,3.165287832,10.3002413,多云
依兰,4.378015162,10.42522398,晴
黟县,17.22675026,9.352838732,多云
仪陇,16.70306579,6.346538064,多云
仪征,16.5787388,8.588904204,多云
夷陵,17.77092663,8.070961075,多云
沂南,14.42389807,10.17355372,多云
沂水,14.18405647,9.882575758,多云
沂源,13.73863636,10.09297521,晴
宜宾,19.45484316,7.339193382,阴
宜昌,17.45642439,7.776093696,多云
宜城,16.77643817,8.959696865,多云
宜川,11.40909091,13.2362259,晴
宜春,18.81822881,7.830117161,晴
宜都,17.77463818,7.747760165,多云
宜丰,18.66810196,8.293833965,晴
宜黄,18.94708721,8.684936229,晴
宜君,10.51860145,7.939717534,晴
宜良,18.22717878,12.0527041,晴
宜兴,16.96246556,8.294077135,多云
宜秀,17.92380952,7.448888889,多云
宜阳,15.60464716,9.772461274,晴
宜章,19.79012772,7.725233,多云
宜州,21.16682959,7.377647442,多云
彝良,15.69700672,10.04886988,小雨
弋江,17.59956441,7.415681394,多云
弋阳,19.50086207,8.506551724,晴
义马,14.33990248,10.85534336,晴
义乌,18.52960641,8.381400209,多云
义县,9.462121212,12.42906336,晴
易门,17.77180283,12.72802482,晴
易县,12.96763085,11.27134986,晴
峄城,15.29717631,9.815426997,多云
驿城,16.43445218,9.294490184,多云
益阳,18.35701966,7.176957572,多云
翼城,14.43455047,10.50740613,晴
殷都,15.6775641,9.962820513,多云
银川,11.03701791,12.02651515,晴
银海,24.09346787,6.007434944,多云
银州区,9.068100358,11.36610343,晴
鄞州,18.63097199,7.640032949,多云
印江,17.64920744,7.545141282,多云
印台,13.12872543,10.18262524,晴
英德,21.99413793,7.294482759,多云
英吉沙,12.85399449,11.82024793,晴
英山,17.36068966,9.615862069,多云
鹰潭,19.43900758,8.05375603,晴
迎江,14.88466623,6.209517515,多云
迎泽,12.0050665,12.84103863,晴
荥经,16.47278677,7.186014468,小雨
荥阳,16.10240964,9.455765921,晴
盈江,21.22272875,11.87105177,晴
营口,10.38688017,8.09469697,晴
营山,18.30155583,7.172971324,多云
颍东,18.64107486,9.236084453,多云
颍泉,18.76364213,9.243020305,多云
颍上,16.52664577,8.495994427,多云
颍州,18.74111675,9.267766497,多云
应城,17.30812952,8.576989321,多云
应县,9.499139415,12.12254733,晴
邕宁,22.73250389,7.428304821,多云
永安,18.66419711,9.313232254,多云
永昌,6.8478111,13.08066184,晴转多云
永城,16.03287435,9.068846816,晴
永川,17.93577824,7.003787879,多云
永春,18.93090972,9.61164714,多云
永德,18.64650121,9.098586694,晴
永登,7.127238292,12.60365014,晴
永定,21.6363323,9.585660117,多云
永丰,19.27731817,8.559462254,多云
永福,19.82867371,7.59529492,多云
永和,10.9313253,13.86678141,晴
永吉,5.827770131,12.11252581,晴
永济,15.28605852,10.83442341,晴
永嘉,19.67328457,8.124695228,多云
永靖,10.95039614,13.22976231,晴
永康,18.94374782,8.474747475,多云
永年,15.03356282,10.07607573,晴
永宁,11.31990358,12.64600551,晴
永平,16.9143694,13.87008959,晴
永清,13.18181818,11.23553719,晴
永仁,18.62168218,13.63426405,晴
永善,17.58617718,7.402619786,小雨
永胜,14.58927956,12.45122372,晴
永寿,12.33304647,9.30292599,多云
永顺,17.72429262,8.360938578,多云
永泰,21.15983465,9.28418877,多云
永新,19.26732161,8.823509135,多云
永兴,19.38168334,7.876164195,多云
永修,18.77653343,7.44210889,多云
永州,19.16465517,7.121724138,多云
桥,16.61706853,8.891497462,多云
攸县,19.14960358,7.52016546,多云
尤溪,20.81782144,9.647362978,多云
游仙,17.86028461,7.314359638,多云
友好,2.496437824,12.38147668,多云
友谊,5.923311635,8.823840521,晴
酉阳,15.04889807,6.945592287,多云
右江,23.07854906,8.127870564,多云
右玉,5.249225473,15.17314974,晴
于都,20.93741379,8.154827586,多云
于洪,9.290280496,11.62557078,晴
于田,12.91230186,14.17746382,晴
余干,19.28738801,7.264645072,晴
余杭,18.22429418,7.804461485,多云
余江,19.20072364,8.38628532,晴
余庆,17.27681959,7.316660918,多云
余姚,18.14268293,7.940418118,多云
盂县,10.37581812,12.12745436,晴
鱼峰,21.78628178,7.556673729,多云
鱼台,15.53803787,9.42788296,晴
渝北,16.03768066,7.048520303,多云
渝水,19.38507937,7.156190476,多云
榆次,11.50947296,12.84326559,晴
榆林,9.874569263,11.48449345,晴
榆社,9.806884682,13.56833046,晴
榆树,5.02616179,11.1091222,晴
榆阳,9.745880862,11.5095057,晴
榆中,8.193248364,13.21116087,晴
虞城,15.2455265,10.12835513,晴
雨城,17.31779935,6.926860841,小雨
雨湖,19.01651842,7.590851334,晴
雨花,18.26487748,6.879813302,多云
雨花台,17.50412698,7.724444444,多云
雨山,17.20286048,8.043782837,多云
禹城,14.52221074,10.23794766,晴
禹会,16.50885226,8.911477411,多云
禹王台,16.47337662,8.766233766,晴
禹州,15.90628743,10.0251497,晴
玉环,18.56234761,5.330895158,多云
玉林,22.98344371,7.273265946,多云
玉门,8.630487805,14.60325203,晴
玉屏,17.54739745,7.453981386,多云
玉泉,8.172615185,11.76378975,晴
玉山,19.17718028,8.582557739,晴
玉树,4.668044077,14.93181818,多云
玉田,12.2427686,11.95247934,晴
玉溪,17.44105481,10.90830748,晴
玉州,23.30464326,7.587768969,多云
郁南,22.8293145,8.10575267,多云
裕安,11.88461538,8.979020979,多云
裕华,15.37476636,9.362616822,晴
裕民,8.395488981,11.55612948,晴
元坝,17.28580522,8.243157225,多云
元宝,10.36731392,9.695145631,晴
元宝山,8.466749534,12.26600373,晴
元江,25.2898595,11.69761759,晴
元谋,22.53448276,13.14413793,晴
元氏,14.00998623,10.82162534,晴
元阳,25.06353085,10.20403177,多云
沅江,18.50690369,6.676907145,多云
沅陵,18.12068966,7.642758621,多云
垣曲,13.9590106,10.61201413,晴
袁州区,19.29777778,8.177777778,多云
原平,10.90017212,11.54836489,晴
原阳,15.31290878,10.28364888,晴
源城,22.88640777,8.143042071,多云
源汇,16.47657213,9.895191122,多云
远安,16.95401309,9.305890458,多云
月湖,19.82694764,8.020434227,晴
岳池,17.74534804,6.705720193,多云
岳麓,19.30463787,6.981575604,多云
岳普湖,12.81588012,14.1581123,晴
岳塘,19.13804071,7.582697201,多云
岳西,15.61354929,9.580982236,多云
岳阳,18.21231459,5.914108313,多云
岳阳楼,18.8307888,5.865139949,多云
越城,18.787416,7.087354918,多云
越西,14.57264957,10.73992674,多云
越秀,23.55307443,7.257605178,多云
云安,23.09031733,8.063466233,多云
云城,23.13026572,7.972780298,多云
云浮,22.79341833,8.098208132,多云
云和,19.53464485,9.585306407,多云
云龙,16.23493976,9.073557387,多云
云梦,17.34126163,8.559117546,多云
云溪,18.80343511,5.922391858,多云
云县,21.48828798,12.51636238,晴
云霄,23.09648518,7.547898001,多云
云岩,15.70638471,6.854819032,多云
云阳,18.73545611,8.19242685,多云
郧西,16.33505688,10.69010686,多云
郧阳,14.12390318,10.35673222,多云
运城,15.29707401,10.8908778,晴
运河,14.62441783,10.24417831,晴
郓城,15.49414399,9.697898725,多云
杂多,2.587637741,13.55199725,多云
赞皇,14.3373494,10.07504303,晴
枣强,14.5559573,10.38946281,晴
枣阳,17.18304033,8.510858325,多云
枣庄,15.40992077,9.494316225,多云
枣庄市中,12.83333333,9,多云
泽当,9.965048209,14.93009642,多云
泽库,0.492424242,14.28650138,多云
泽普,12.88404549,12.87146795,晴
泽州,13.41832588,10.39618041,晴
增城,22.87030658,7.761281433,多云
扎赉诺尔,-2.783796017,15.21695836,晴
扎赉特,5.828915663,11.10430293,晴
扎兰屯,4.382707544,11.30623493,晴
扎鲁特,8.046127367,11.22547332,晴
扎囊,6.897764228,13.84105691,多云
札达,3.878861789,15.41626016,多云
柞水,13.08146745,11.89355839,多云
沾化,14.15191182,10.15156734,晴
沾益,16.04290145,10.03687112,晴
站前,10.88834635,8.376953125,晴
湛河,16.43269231,9.485897436,晴
湛江,23.81529979,6.290833908,多云
张北,4.535615967,12.36648314,晴
张店,15.26774398,10.91825095,晴
张家川,9.477437134,11.20220462,多云
张家港,17.26635675,7.521694215,多云
张家界,18.40651949,8.179027251,多云
张家界永定,21.01497193,8.073611978,多云
张家口,9.459036145,11.76006885,晴
张家口桥东,9.179596977,11.85944584,晴
张家口桥西,9.075457317,11.8379065,晴
张湾,17.00447336,9.99349329,多云
张掖,9.075413223,15.02134986,晴
章贡,21.15142857,8.288888889,多云
章丘,14.8070568,9.790361446,晴
彰武,8.685089532,11.90668044,晴
漳平,22.05860048,9.618752154,多云
漳浦,22.23776706,7.760165403,多云
漳县,11.08666437,11.99689869,晴
漳州,23.11509304,7.800137836,多云
樟树,19.35125819,7.416752844,晴
长安,14.5273949,10.57994487,多云
长白,3.899104683,13.51928375,晴
长春,6.623794766,9.972107438,晴
长岛,13.23698725,5.650120648,晴
长丰,16.6974234,8.504178273,多云
长葛,15.65547521,10.18422865,晴
长海,11.11742424,5.91322314,晴
长乐,21.13111647,6.474500345,多云
长岭,6.533402204,10.64325069,晴
长宁,17.67490494,6.956907478,多云
长清,15.25637052,9.307506887,晴
长沙,18.81510866,6.816833391,多云
长寿,18.46483971,6.34229576,多云
长顺,16.76835574,7.105825577,多云
长泰,22.90779042,8.012754223,多云
长汀,20.08741379,9.173448276,多云
长武,10.36617292,10.74405787,多云
长兴,17.25688393,8.33530847,多云
长阳,17.24948312,8.090971744,多云
长垣,15.67481915,9.251808474,晴
长治,11.33143939,11.24827824,晴
长治郊,10.02083333,10.06127451,晴
长洲,22.39486994,8.278901734,多云
长子,10.75404475,13.06815835,晴
招远,13.25215295,10.07647261,晴
昭觉,12.83287388,10.56995176,多云
昭平,21.17423751,8.199221285,多云
昭苏,4.568526171,11.0261708,晴
昭通,13.60220614,10.21371941,晴
昭阳,13.75518135,10.25518135,小雨
召陵,16.37135615,10.02154626,晴
诏安,22.69572708,7.780840799,多云
赵县,13.79252755,11.26618457,晴
肇东,4.854087616,10.72162815,晴
肇庆,23.14352171,6.983804273,多云
肇源,5.540661613,10.71674707,晴
肇州,5.25137836,10.82598208,晴
柘城,15.87848537,9.394148021,晴
柘荣,16.97086207,8.485862069,多云
贞丰,17.57647261,7.358250086,多云
浈江,21.34275834,8.260781123,多云
振安,10.29263566,9.782945736,晴
振兴,9.785480706,9.693917593,晴
镇安,14.81426602,11.17918677,多云
镇巴,15.05498104,9.470872113,多云
镇海,18.24320428,7.577841845,多云
镇江,16.95092975,7.839187328,多云
镇康,21.47104447,12.4229576,晴
镇赉,5.899449036,11.86983471,晴
镇宁,15.90578712,6.695487427,多云
镇平,15.9934573,9.402203857,晴
镇坪,13.26154376,9.427291523,多云
镇雄,12.92773438,8.319661458,小雨
镇沅,20.96,12.7621374,晴
镇原,11.22708477,12.31013094,多云
镇远,17.51413793,8.05862069,多云
蒸湘,19.95820337,7.092950717,多云
正安,16.83430934,7.001722356,多云
正定,14.9616179,9.456454389,晴
正蓝旗,3.678091629,12.10988632,晴
正宁,10.24948312,9.347346657,多云
正镶白旗,3.668216253,12.20557851,晴
正阳,16.36117809,8.882190837,晴
郑州,16.0555938,9.468158348,晴
政和,19.7469838,9.828335057,多云
芝罘,16.55598209,8.040946897,多云
枝江,17.6737931,7.488275862,多云
织金,15.70261888,7.314955203,多云
芷江,17.87991718,7.721877157,多云
志丹,9.521177686,14.00998623,晴
治多,0.604927636,14.25878704,多云
中甸,7.799137931,12.55896552,多云
中方,18.37698574,7.603665988,多云
中江,17.79824259,8.006547209,多云
中牟,15.97246127,9.429948365,晴
中宁,11.67723045,12.61591457,晴
中泉子,9.764118457,13.34022039,晴
中山,11.76321087,5.878711626,晴
中卫,10.81491047,13.22073003,晴
中阳,9.358003442,11.73975904,晴
中原,16.34728435,9.644089457,晴
中站,17.01899937,9.81760608,多云
忠县,18.5719697,6.866391185,多云
钟楼,17.78249841,7.634749524,多云
钟山,14.02844639,7.829321663,多云
钟祥,17.27576698,7.767666322,多云
仲巴,3.45203252,15.50813008,晴
重庆,19.35593804,6.410327022,多云
舟曲,14.61005856,10.1508784,晴
舟山,17.69714385,6.735980495,多云
周村,14.4338843,10.97933884,晴
周口,16.72262397,8.755853994,晴
周宁,16.20623708,7.630944176,多云
周至,14.46745868,10.31921488,多云
珠海,23.63318401,5.269124742,多云
珠晖,19.84001252,7.035065748,多云
株洲,18.91034483,7.270344828,多云
诸城,14.23863636,9.747245179,晴
诸暨,17.96918524,7.900069638,多云
竹山,16.80866115,10.2384403,多云
竹溪,15.37693899,10.14374354,多云
驻马店,16.14145417,9.177463818,晴
庄河,10.06486579,9.447694425,晴
庄浪,9.470385675,11.54269972,多云
准格尔,8.371428571,11.35421687,晴
涿鹿,11.16660929,11.55111876,晴
涿州,13.17504303,10.96144578,晴
卓尼,6.991729841,14.52377671,晴
卓资,4.645438898,14.19621343,晴
资溪,18.84160634,9.199241641,晴
资兴,19.55503796,7.58005521,多云
资阳,21.42478152,7.606117353,多云
资源,17.58576642,7.873589914,多云
资中,18.5616816,6.727084769,多云
淄博,14.47073003,10.87947658,晴
淄川,14.92303719,10.04028926,晴
子长,10.41824441,12.69053356,晴
子洲,10.88068182,13.36880165,晴
秭归,17.18291423,7.947640372,多云
梓潼,17.3897692,7.945229073,多云
紫金,22.13349431,9.421179717,多云
紫阳,16.03548054,9.252497416,多云
紫云,16.15334252,6.725706409,多云
自贡,18.81105753,6.533585946,多云
自流井,20.23544631,6.791720569,多云
邹城,15.72761708,9.054407713,晴
邹平,14.96934206,10.39407509,晴
遵化,12.84722701,10.60799173,晴
遵义,16.65385941,6.803239145,多云
左贡,7.926652893,13.62947658,多云
左权,8.752926997,14.38464187,晴
左云,6.735881543,13.06749311,晴
