城市,纬度,经度,聚类
阿巴嘎,44.58415018,119.7129779,1
阿坝,31.90551158,102.2314155,2
阿城,45.5542753,126.9643565,0
阿尔山,47.18305415,119.9506532,1
阿合奇,40.94295822,78.45253928,1
阿克塞,39.64004532,94.34676019,1
阿克苏,41.17502986,80.26694348,1
阿克陶,39.15388852,75.95372527,1
阿拉尔,40.55326389,81.28735423,1
阿拉山口,45.01109187,83.00750364,1
阿拉善右旗,39.22224097,101.6734639,1
阿拉善左旗,38.83909414,105.6725987,1
阿勒泰,47.85072787,88.1479262,1
阿里,32.50686602,80.11277692,2
阿旗,31.82240626,117.2083399,3
阿荣旗,48.13197125,123.46544,0
阿图什,39.72207913,76.17490641,1
阿瓦提,40.6493588,80.38184925,1
爱民,44.60235034,129.5983637,0
安达,46.42571923,125.3486223,0
安定,23.1036846,120.2402305,3
安多,32.27126802,91.68889068,2
安福,27.39907648,114.6264781,3
安国,38.42482832,115.333408,0
安化,28.38005375,111.2194927,3
安吉,30.64442479,119.6865634,3
安康,32.69051277,109.0356011,3
安龙,25.10399043,105.4495427,3
安陆,31.26141499,113.6955829,3
安宁,36.10975375,103.725535,1
安平,22.99280496,120.1748534,3
安庆,30.53095657,117.0636039,3
安丘,36.4838422,119.2256075,0
安仁,26.71568279,113.2754236,3
安塞,36.87009826,109.3354194,0
安顺,26.25925238,105.9544171,3
安图,43.11791695,128.9054485,0
安溪,25.06175955,118.1924254,3
安县,31.54075053,104.573555,3
安乡,29.41732043,112.1775062,3
安新,38.9417343,115.9424263,0
安阳,36.10594098,114.3995004,0
安义,28.85079427,115.5554415,3
安源,27.6213077,113.8774399,3
安远,25.14274343,115.4005591,3
安岳,30.10339273,105.3424542,3
安泽,36.15351438,112.2566128,0
鞍山,41.1150536,123.0013725,0
鞍山铁西,41.12547526,122.9754903,0
昂昂溪,47.16133224,123.8294063,0
昂仁,29.30106048,87.24242734,2
八步,24.41753104,111.5585674,3
八公山,32.63713732,116.8405643,3
八里罕,41.55444918,118.7666915,1
八宿,30.05902899,96.92436045,2
巴楚,39.79078838,78.5557014,1
巴东,31.04806425,110.3475753,3
巴里坤,43.7882287,87.64994364,1
巴林右旗,43.54013155,118.6703943,1
巴林左旗,43.97638259,119.3864433,1
巴仑台,42.75933446,86.31989004,1
巴马,24.1472648,107.2664813,3
巴南,29.40847474,106.5474543,3
巴青,31.92454942,94.05988156,2
巴塘,30.01166171,99.1167267,2
巴彦,46.09128266,127.410548,0
巴彦淖尔,40.74935949,107.3943981,1
巴音布鲁克,43.03379595,84.14074577,1
巴中,31.87288859,106.7515853,3
巴州,31.8576856,106.7755131,3
鲅鱼圈,40.23233985,122.1275735,0
霸州,39.1309206,116.3983973,0
灞桥,34.27912767,109.0714154,0
白城,45.62550436,122.8455906,0
白河,23.35498633,120.4683017,3
白碱滩,45.69395163,85.13951012,1
白朗,29.11185895,89.26874199,2
白山,41.93962721,126.4296301,0
白水,35.18328751,109.5975206,0
白塔,41.27604732,123.1811567,0
白下,27.63145765,115.068486,3
白杨沟,30.32500465,104.72408,3
白银,36.55082533,104.1444508,1
白玉,31.21531445,98.83110022,2
白云,26.6835885,106.6295968,3
白云鄂博,41.78248949,109.9840285,1
百色,23.90818593,106.6245893,3
柏乡,37.48875873,114.6994974,0
拜城,41.8007066,81.85851627,1
拜泉,47.6018673,126.1054215,0
班戈,31.39872762,90.01670773,2
班玛,32.93850393,100.7436046,2
蚌埠,32.9215237,117.3955133,3
蚌山,32.92337877,117.3794412,3
包河,31.79929347,117.3165763,3
包头,40.66292879,109.8465435,1
宝坻,39.72319448,117.3166007,0
宝丰,33.8747456,113.0614472,0
宝国吐,31.22707987,121.476206,3
宝鸡,34.36891564,107.2445754,0
宝清,46.33265182,132.2035941,0
宝山,31.41027947,121.496563,3
宝塔,36.59689044,109.499594,0
宝兴,30.37408211,102.8214842,2
宝应,33.24720546,119.3655557,0
保德,39.02833693,111.0925418,1
保定,38.87998777,115.4714638,0
保靖,28.70596887,109.6664736,3
保康,31.88384715,111.2674412,3
保山,25.13903879,99.17727329,3
碑林,34.23647394,108.9404977,0
北安,48.24741953,126.4973797,0
北碚,29.81115651,106.4022812,3
北辰,39.23034391,117.1414027,0
北川,31.9630841,104.3615856,3
北戴河,39.84100567,119.4915261,0
北关,36.11313161,114.3623819,0
北海,21.4868365,109.1265332,3
北湖,25.79053726,113.0174101,3
北京,39.91092455,116.4133837,0
北林区,46.64349267,126.9914489,0
北流,22.71395802,110.3605702,3
北仑,29.90465936,121.8505762,3
北票,41.80648257,120.7776277,0
北市,23.01344702,120.2161811,3
北塔,27.25153628,111.4584969,3
北塘,30.99148412,121.2695288,3
北镇,41.5944281,121.7834473,0
本溪,41.49291646,123.6925071,0
比如,31.48635726,93.68596594,2
毕节,27.29021508,105.2985888,3
碧江,27.69677347,109.1874354,3
璧山,29.59834661,106.2334746,3
边坝,30.93962493,94.71437115,2
宾川,25.83524903,100.5784567,3
宾县,45.75246539,127.473497,0
宾阳,23.22370054,108.8165024,3
彬县,35.04961057,108.0845656,0
滨城,37.43684321,118.0266039,0
滨海,33.99564655,119.8276211,0
滨湖,31.5346397,120.2915475,3
滨江,30.21433295,120.2184712,3
滨州,37.3881962,117.977404,0
波密,29.86506009,95.77390012,2
泊头,38.08925692,116.584628,0
勃利,45.76096431,130.5985326,0
亳州,33.8506427,115.7844632,0
博爱,35.17730806,113.070478,0
博白,22.27867482,109.9825531,3
博湖,41.98643036,86.63846915,1
博克图,49.30565693,119.7372449,1
博乐,44.86000978,82.05797225,1
博罗,23.17880559,114.2965727,3
博山,36.50084786,117.8684688,0
博兴,37.16047728,118.1174927,0
博野,38.463408,115.470467,0
博州,27.67279952,104.7432495,3
布尔津,47.70795172,86.88136017,1
布拖,27.71212873,102.8184785,3
蔡甸,30.58811362,114.0354796,3
蔡家湖,30.44130853,115.0952125,3
仓山,26.05284169,119.2804322,3
苍南,27.52306679,120.4335951,3
苍山,31.86669708,117.9081033,3
苍梧,23.84599821,111.5555466,3
苍溪,31.7386844,105.9414826,3
沧浪,22.83022457,113.2868162,3
沧县,38.29945274,116.8843978,0
沧源,23.15287873,99.2527217,3
沧州,38.31021514,116.8455808,0
沧州新华,38.32036672,116.8724332,0
曹妃甸,39.279284,118.4664599,0
曹县,34.83180935,115.5484572,0
册亨,24.98963749,105.8185105,3
策勒,37.00412236,80.81320127,2
岑巩,27.17990242,108.822481,3
岑溪,22.92462128,111.0014318,3
曾都,31.72212286,113.3775133,3
茶陵,26.78358911,113.5454717,3
察布查尔,43.84387062,80.96005131,1
察雅,30.6598647,97.57512368,2
察右后旗,41.69622229,118.0334481,1
察右中旗,32.09152461,118.8958735,3
察隅,28.66744414,97.47326975,2
禅城,23.01537437,113.1295052,3
e河回族,34.68546242,112.5066038,0
昌都,31.14734655,97.17958359,2
昌吉,44.01685416,87.31500162,1
昌江区,29.27885446,117.1905791,3
昌乐,36.71299619,118.836488,0
昌黎,39.71905083,119.1693752,0
昌宁,24.83398492,99.61161658,3
昌平,40.22641337,116.2376179,1
昌图,42.79217837,124.1175007,0
昌邑,43.88799247,126.5814487,0
常德,29.03775,111.7054522,3
常宁,26.42672043,112.4055605,3
常山,28.90699795,118.5175566,3
常熟,31.65953828,120.7594959,3
常州,31.81579565,119.9814847,3
巢湖,31.62900243,117.8955762,3
朝天,32.64972624,105.8965888,3
朝阳,41.57982086,120.4574995,0
潮安,23.46835713,116.6845261,3
潮南,23.25634143,116.4394913,3
潮阳,23.27085496,116.6085145,3
潮州,23.66262319,116.6294702,3
郴州,25.77668327,113.0214605,3
辰溪,28.01260531,110.1904866,3
陈仓,34.36075634,107.3934384,0
称多,33.3742257,97.11500001,2
成安,36.44979621,114.6765766,0
成都,30.65582188,104.0815335,3
成华,30.66558928,104.1085916,3
成山头,28.81414574,105.7066728,3
成武,34.95860565,115.896519,0
成县,33.75663519,105.7484779,0
呈贡,24.89187121,102.8274726,3
承德,40.95785601,117.9693975,1
城北,36.65629363,101.7724049,1
城步,26.39620322,110.3285371,3
城东,36.60570765,101.809569,1
城固,33.16239939,107.3406126,0
城关,36.06318148,103.8314749,1
城口,31.95339075,108.6716116,3
城区,37.85343342,113.6065682,0
城西,36.63449698,101.7724142,1
城厢,25.42434379,119.0015363,3
城阳,36.3128862,120.4025268,0
城中,36.62880057,101.7904835,1
城子河,45.34443519,131.0184686,0
澄城,35.19657282,109.9384336,0
澄海,23.4723414,116.762425,3
澄江,24.67941491,102.9145549,3
池州,30.67088379,117.498421,3
茌平,36.58678507,116.2614554,0
赤壁,29.730666,113.9064369,3
赤城,40.91876122,115.8385059,1
赤峰,42.2616861,118.8955204,1
赤坎,21.27213481,110.3725325,3
赤水,28.59611891,105.7034886,3
崇川,32.01592303,120.8634202,3
崇礼,40.98047789,115.2895493,1
崇明,31.62856998,121.4035569,3
崇仁,27.75907976,116.083549,3
崇信,35.30861584,107.0414151,0
崇阳,29.56133378,114.0465629,3
崇义,25.68768719,114.3145724,3
雨城,30.01106164,103.0395752,3
崇左,22.38311723,107.3715202,3
滁州,32.26127087,118.3394061,3
楚雄,25.05177357,101.5344125,3
楚州,33.51590681,119.1505316,0
川汇,33.6529971,114.6576017,0
船山,30.53147061,105.5745228,3
船营,43.8399274,126.5476497,0
淳安,29.61495037,119.0483923,3
淳化,34.80477691,108.5874418,0
慈利,29.43598673,111.1454713,3
慈溪,30.17525661,121.2725961,3
磁县,36.38035894,114.3804317,0
枞阳,30.70567127,117.226437,3
从化,23.55398592,113.5935854,3
从江,25.75988133,108.9115614,3
丛台,36.64267257,114.4994326,0
翠峦,47.73289398,128.6764815,0
翠屏,28.77205177,104.626438,3
措美,28.44425799,91.43991757,2
措勤,31.02266638,85.16595221,2
错那,27.99700427,91.96375006,2
达坂城,43.36994275,88.31739766,1
达川,31.20239336,107.5184106,3
达拉特,42.1296513,112.8382048,1
达日,33.75493737,99.65801011,2
达县,31.20239336,107.5184106,3
达州,31.21430772,107.4745939,3
达孜,29.67540906,91.35631812,2
大安,25.0301506,121.553725,3
大厂,39.89220839,116.9964091,0
大城,38.71085864,116.6604092,0
大东,41.81142517,123.4764047,0
大方,27.14706075,105.6184513,3
大丰,33.20475985,120.5074388,0
大港,31.09952398,121.0695464,3
大关,27.7540214,103.8975149,3
大观,30.51823192,117.0405382,3
大化,23.74281822,108.0044108,3
大理,25.61212842,100.2745828,3
大荔,34.80183276,109.9484533,0
大连,38.91895367,121.6216315,0
大名,36.29128847,115.1546125,0
大宁,36.47130569,110.7593844,0
大埔,22.45381433,114.1755645,3
大庆,46.59363318,125.1086576,0
大石桥,40.65080216,122.5153795,0
大堂,22.58626842,113.96756,3
大田,25.69893264,117.85344,3
大通,32.63726996,117.0595832,3
大通回族,32.63726996,117.0595832,3
大同,40.08246872,113.3064363,1
大洼,41.00817879,122.0885548,0
大武口,39.02484776,106.3746105,1
大悟,31.56721981,114.1334125,3
大祥,27.22701397,111.4455283,3
大新,22.83622904,107.2075569,3
大兴,39.73255524,116.3486252,0
大兴安岭,50.42002596,124.1529279,0
大姚,25.7276006,101.3305675,3
大冶,30.1016678,114.9864363,3
雅安,30.01679255,103.0495426,3
大英,30.60081013,105.2434039,3
大余,25.4076373,114.3684066,3
大竹,30.74207662,107.2115797,3
大足,29.71311351,105.7284046,3
代县,39.07272835,112.9665519,0
岱山,30.26965589,122.2326048,3
岱岳,36.19329124,117.0485565,0
带岭,47.03457195,129.0274252,0
丹巴,30.8847698,101.8964371,2
丹东,40.00640871,124.3615473,0
丹凤,33.70153732,110.3335603,0
丹江口,32.54625269,111.5195321,3
丹棱,30.02036279,103.5195833,3
丹徒,32.1379204,119.4405008,3
丹阳,32.01592027,119.6125006,3
丹寨,26.20442117,107.7955135,3
单县,34.78465843,116.1115837,0
郸城,33.65082796,115.1834776,0
当涂,31.57664915,118.5046047,3
当雄,30.47922173,91.10745175,2
当阳,30.82698905,111.7945685,3
砀山,34.44842817,116.372524,0
宕昌,34.05348629,104.3993858,0
道孚,30.98532628,101.1315403,2
道里,45.76184448,126.6234316,0
道外,45.79777622,126.655604,0
道县,25.53252996,111.6074044,3
道真,28.86864981,107.6194838,3
稻城,29.04312156,100.3044616,2
得荣,28.71878005,99.2929842,2
德安,29.3191725,115.762578,3
德保,23.32899435,106.6215826,3
德昌,27.40850419,102.1825955,3
德格,31.81210649,98.58740161,2
德宏,24.4380107,98.59135936,3
德化,25.49730859,118.2475501,3
德惠,44.52716107,125.7345152,0
德江,28.27042328,108.1264111,3
德钦,28.47008601,98.92445266,2
德清,30.54862824,119.9834647,3
德庆,23.15137331,111.7915538,3
德兴,28.95256486,117.5854797,3
德阳,31.133115,104.4044194,3
德州,37.44130845,116.3655567,0
灯塔,41.43247413,123.3454622,0
登封,34.45969746,113.0564228,0
邓州,32.69391744,112.0934201,3
磴口,40.33647018,107.0145225,1
滴道,45.35443362,130.8505805,0
点军,30.69932951,111.2744714,3
电白,21.52035119,111.0204712,3
垫江,30.33329397,107.3395659,3
钓鱼岛,30.68258256,104.1007538,3
迭部,34.06202005,103.2284403,2
叠彩,25.32023327,110.3084631,3
丁青,31.41840296,95.60264384,2
鼎城,29.0244434,111.6875221,3
鼎湖,23.16430811,112.5744345,3
定边,37.60045987,107.6075696,1
定海,30.02546238,122.1136008,3
定结,28.36991077,87.77237674,2
定南,24.78978383,115.0345638,3
定日,28.66395198,87.12959774,2
定陶,35.07727518,115.5794374,0
定西,35.58683293,104.6324201,0
定襄,38.47997431,112.9635286,0
定兴,39.26942353,115.8144101,0
定远,32.53704661,117.7044707,3
定州,38.52219884,114.9964962,0
东阿,36.34095771,116.2544929,0
东安,44.58746038,129.6334777,0
东昌,41.70840538,125.9335946,0
东城,39.93482727,116.422401,0
东川,26.08905424,103.1944519,3
东丰,42.68331078,125.5373779,0
东风,46.82838515,130.4105608,0
东岗,39.7340132,117.384331,0
东港,39.86771619,124.1596104,0
东莞,23.02730841,113.7584205,3
东光,37.89451391,116.5434096,0
东海,34.54791863,118.7595651,0
东河,40.58222804,110.0503948,1
东湖,28.69125918,115.905466,3
东兰,24.51687146,107.3805042,3
东丽,39.09233234,117.3205685,0
东辽,42.9318791,124.9975894,0
东明,35.29570169,115.0964173,0
东宁,44.09610149,131.1315436,0
东平,35.94190802,116.4775942,0
东坡,30.04827213,103.8385248,3
东山,23.28201941,120.4545327,3
东胜,39.82798698,109.9695601,1
东台,32.87271631,120.3265371,3
东西湖,30.62591982,114.1434587,3
东乡,28.2539774,116.6095417,3
东乡族,35.66932973,103.3956132,2
东兴,29.59848573,105.0825475,3
东阳,29.29586107,120.2484219,3
东营,37.43964183,118.6813849,0
东源,23.79425787,114.7535083,3
东至,30.11653453,117.0344813,3
东洲,41.85919094,124.0455497,0
洞口,27.06597544,110.5825791,3
洞头,27.84187032,121.1635486,3
都安,23.93733126,108.111458,3
都安瑶族,23.93733126,108.111458,3
都昌,29.27896504,116.210552,3
名山,30.07591366,103.1154858,3
都兰,36.30761103,98.10270479,2
都匀,26.26611796,107.5254044,3
斗门,22.21551566,113.3034673,3
独山,25.82828781,107.5514978,3
独山子,44.33440739,84.89361328,1
杜尔伯特,46.86876776,124.4493588,0
杜集,33.99728544,116.8346123,0
端州,23.05756373,112.4915602,3
堆龙德庆,29.65162568,91.00996313,2
敦化,43.37829127,128.2386124,0
敦煌,40.14786748,94.66852703,1
多伦,42.20892086,116.4925088,1
掇刀,30.97991086,112.2144277,3
峨边,29.23608911,103.2685773,3
峨眉,22.49583212,109.3357305,3
峨眉山,29.60697553,103.4915456,3
峨山,24.17477424,102.4125645,3
额尔古纳,50.24813176,120.1866337,1
额敏,46.53188486,83.63337445,1
鄂城,30.40638946,114.8985997,3
鄂尔多斯,39.61448231,109.7874432,1
鄂托克,30.62153014,114.3943825,3
鄂州,30.39657217,114.9016074,3
恩平,22.1890352,112.3114376,3
恩施,30.27793958,109.4945926,3
洱源,26.12009334,99.96920972,3
二道,43.87127652,125.3804676,0
二道江,41.77996617,126.0495917,0
二连浩特,43.64880018,111.9583632,1
二七,34.73104512,113.6464096,0
法库,42.50960655,123.4146211,0
番禺,22.94383073,113.3904696,3
樊城,32.05057237,112.1425989,3
繁昌,31.10795859,118.2054243,3
繁峙,39.19523743,113.2714083,0
范县,35.85765509,115.5105862,0
方城,33.26053946,113.0185028,0
方山,37.90102024,111.2503704,0
方正,45.85775844,128.8356337,0
坊子,36.6607416,119.172401,0
防城,21.77541131,108.3604485,3
防城港,21.69300529,108.3604188,3
房山,39.75432584,116.1494438,0
房县,32.06168496,110.7474616,3
肥城,36.18881122,116.7754008,0
肥东,31.89389035,117.4754006,3
肥西,31.71296213,117.1645578,3
肥乡,36.55382525,114.8065471,0
费县,35.27230413,117.9844251,0
分宜,27.82073134,114.6984725,3
汾西,36.65878226,111.5695463,0
汾阳,37.27129179,111.7945966,0
丰城,28.16661402,115.7774784,3
丰都,29.86941279,107.7374806,3
丰满,43.82715158,126.5685705,0
丰南,39.58154049,118.0903656,0
丰宁,41.21533638,116.6523927,1
丰润,39.83835343,118.1685413,0
丰顺,23.7457383,116.1884538,3
丰台,39.8649372,116.2924019,0
丰县,34.69976977,116.6025825,0
丰泽,24.89496999,118.6195802,3
丰镇,40.44180481,113.1166012,1
封开,23.42976892,111.5185259,3
封丘,35.04685753,114.4256062,0
峰峰,32.87411703,120.2975267,3
凤城,40.45918048,124.0724217,0
凤冈,27.96069534,107.7235476,3
凤凰,27.95384781,109.6055267,3
凤庆,24.58647246,99.93498922,3
凤泉,35.37566506,113.9124588,0
凤山,22.61756286,120.3659715,3
凤台,32.71510391,116.7175732,3
凤县,33.91658302,106.5225578,0
凤翔,34.52761628,107.4073795,0
凤阳,32.88097673,117.5385854,3
奉化,29.66114641,121.4135278,3
奉节,31.02460177,109.4704728,3
奉贤,30.92372011,121.4805037,3
奉新,28.69402895,115.4065511,3
佛冈,23.88547542,113.5384412,3
佛坪,33.5306931,107.9974243,0
佛山,23.02775875,113.1285122,3
扶风,34.38146335,107.9064531,0
扶沟,34.06590625,114.4015098,0
扶绥,22.64109714,107.9104652,3
扶余,44.99416842,126.0566062,0
芙蓉,28.19191325,113.0394077,3
浮梁,29.35778824,117.2214661,3
浮山,35.97439275,111.855385,0
涪城,31.46131439,104.7634203,3
涪陵,29.7092782,107.3964198,3
福安,27.09432351,119.6544064,3
福鼎,27.33052497,120.2234519,3
福贡,26.90805521,98.87564942,2
福海,47.11814074,87.49315725,1
福清,25.7263433,119.3904652,3
福泉,26.6925257,107.5264328,3
福山,37.50366823,121.2746047,0
福田,22.52846591,114.061547,3
福州,26.08042942,119.3034698,3
抚宁,39.88141357,119.2515491,0
抚顺,41.88596959,123.9643746,0
抚松,42.22733527,127.4553712,0
抚远,48.3709447,134.3144896,0
抚州,27.95489225,116.3645388,3
府谷,39.03379563,111.0736281,1
阜城,37.86873246,116.1824215,0
阜康,44.16313732,87.99367791,1
阜南,32.66409739,115.6025459,3
阜宁,33.76507873,119.8095807,0
阜平,38.85535144,114.2015635,0
阜新,42.0280219,121.676408,0
阜阳,32.89606099,115.8204361,3
复兴,24.73305359,121.3859894,3
富川,24.82015995,111.2845112,3
富锦,47.25593257,132.0445388,0
富拉尔基,47.21550408,123.6365098,0
富民,25.22808509,102.5044732,3
富宁,23.63138041,105.6374902,3
富平,34.75726044,109.1864374,0
富顺,29.18688626,104.9814944,3
富县,35.99336798,109.3865965,0
富阳,30.05472297,119.9665557,3
富裕,47.78022806,124.4805425,0
富源,25.6802795,104.2614742,3
富蕴,46.99995105,89.53195341,1
伽师,39.49385161,76.73038557,1
噶尔,32.49715682,80.10287715,2
改则,32.30835664,84.06911336,2
盖州,40.40616746,122.3555913,0
甘德,33.97500368,99.9075107,2
甘谷,34.73830014,105.3424753,0
甘井子,38.95800216,121.531519,0
甘洛,28.96482319,102.7785965,3
甘南,34.98913991,102.9175847,2
甘泉,36.28268862,109.3575235,0
甘州,38.93478147,100.4845577,1
甘孜,30.05527884,101.9685467,2
赣县,25.86638462,115.0185702,3
赣榆,34.84768246,119.1794346,0
赣州,25.8351761,114.9405034,3
刚察,37.32732007,100.1536061,1
岗巴,28.28036304,88.52652928,2
岗子,45.08816716,126.6245049,0
港北,23.11756363,109.578433,3
港南,23.08123958,109.6065535,3
港闸,32.03734512,120.8244524,3
皋兰,36.33814215,103.9534642,1
高安,28.422857,115.3825654,3
高碑店,39.33233545,115.8805691,0
高淳,31.33363912,118.8984977,3
高港,32.32486247,119.888421,3
高力板,22.80968288,113.4146341,3
高陵,34.54109311,109.0943869,0
高密,36.38895671,119.762411,0
高明,22.9063496,112.8994724,3
高平,35.8043368,112.9304124,0
高坪,30.78725493,106.1255405,3
高青,37.17726865,117.8333943,0
高台,39.38364605,99.8257595,1
高唐,36.85159108,116.2356043,0
高县,28.4425108,104.5244113,3
高雄,22.62315915,120.3227695,3
高阳,38.70625773,115.7854472,0
高要,23.03189555,112.464446,3
高邑,37.62187956,114.6184131,0
高邮,32.78714702,119.4656156,3
高州,21.9240489,110.8594739,3
藁城,38.02781656,114.8533779,0
革吉,32.39335602,81.15166437,2
格尔木,36.41237105,94.93331021,2
个旧,23.36494153,103.1665186,3
根河,50.78614043,121.5275853,0
耿马,23.543491,99.40394218,3
工布江达,29.89136762,93.2524198,2
弓长岭,41.15732704,123.4266154,0
公安,30.06440069,112.2365016,3
公主岭,43.51083266,124.8294487,0
恭城,24.83719437,110.8345596,3
恭城瑶族,24.83719437,110.8345596,3
巩留,43.48848556,82.23822561,1
巩义,34.75409689,113.028431,0
拱墅,30.32464257,120.148447,3
珙县,28.44431977,104.7155746,3
共和,36.28870332,100.6266235,2
共青城,29.24874117,115.82142,3
贡嘎,29.29558592,90.99058237,2
贡觉,30.86596696,98.27733413,2
贡井,29.35147627,104.7215566,3
贡山,27.74706788,98.67239945,2
沽源,41.67601588,115.6954074,1
古城,26.88316168,100.2324803,3
古交,37.91299996,112.1824529,0
古浪,37.47580191,102.9036298,1
古蔺,28.04475796,105.8191422,3
古塔,41.12290093,121.134585,0
古田,26.58326175,118.7525782,3
古县,36.27233806,111.9265731,0
古冶,39.73973591,118.4534009,0
古丈,28.62308353,109.9575074,3
谷城,32.26898307,111.6595756,3
鼓楼,26.08811404,119.3104916,3
固安,39.44448486,116.30542,0
固始,32.17417438,115.6604879,3
固阳,41.04016285,110.0664326,1
固原,36.02161726,106.2485774,0
固镇,33.3232743,117.3235476,0
故城,37.35334755,115.9726022,0
瓜州,40.52610598,95.78873636,1
拐子湖,30.24181591,111.979427,3
关岭,25.94987705,105.625476,3
官渡,25.02119642,102.7504817,3
馆陶,36.55395673,115.2885368,0
管城回族,34.75967387,113.6835247,0
冠县,36.49024323,115.4493958,0
灌南,34.09259131,119.3225382,0
灌阳,25.49512075,111.1675521,3
灌云,34.28861606,119.2465335,0
光山,32.01590688,114.925533,3
光泽,27.54727286,117.3404816,3
广安,30.46174611,106.6395527,3
广昌,26.84845445,116.3425606,3
广德,30.8836671,119.4274758,3
广丰,28.44261506,118.1974202,3
广汉,30.98241524,104.2884219,3
广河,35.49410136,103.58241,2
广灵,39.76600422,114.2885864,0
广陵,32.40066116,119.4385048,3
广南,24.05219851,105.0615824,3
广宁,23.64103573,112.4474239,3
广平,36.48978,114.9544149,0
广饶,37.0596385,118.4134986,0
广水,31.62247604,113.8325934,3
广元,32.44161631,105.8504232,3
广州,23.13533631,113.2714313,3
广宗,37.08045712,115.1496047,0
贵池,30.69385794,117.5744904,3
贵德,36.04615808,101.4395331,2
贵定,26.59065966,107.2405544,3
贵港,23.11744838,109.6055203,3
贵南,35.59241545,100.7535932,2
贵溪,28.29873507,117.2513987,3
贵阳,26.65332482,106.6365768,3
贵阳白云,26.6835885,106.6295968,3
桂东,26.08317393,113.9515936,3
桂林,25.24288572,110.2035454,3
桂平,23.40004888,110.085526,3
桂阳,25.75977533,112.7405604,3
果洛,34.47719387,100.251592,2
哈巴河,48.0661489,86.42481768,1
哈尔滨,45.80882583,126.5416151,0
哈密,42.82582437,93.52121554,1
海安,32.53919574,120.4744331,3
海北,36.96066282,100.9074343,1
海勃湾,39.69690799,106.8294386,1
海沧,24.49032582,118.0395617,3
海城,21.48106584,109.1245214,3
海淀,39.96548984,116.3054341,0
海东,36.50851108,102.1104441,1
海丰,22.97274426,115.3294448,3
海港,39.94041269,119.6174752,0
海口,20.04404944,110.3255255,3
海拉尔,49.2182158,119.7424654,1
海力素,35.4626842,116.2984311,0
海林,44.59987197,129.3874268,0
海陵,32.49673155,119.925525,3
海伦,47.45690384,126.9365086,0
海门,31.87361173,121.1884365,3
海南,36.29210248,100.6266211,2
海宁,30.51792377,120.6865651,3
海曙,29.86572071,121.5574031,3
海棠,18.33787879,109.7235001,3
海西,37.38275046,97.37629912,2
海兴,38.14940252,117.504418,0
海盐,30.53187289,120.9524453,3
海晏,36.90237602,101.0005855,1
海阳,36.69326974,121.1804582,0
海原,36.57078149,105.6505551,1
海州,42.02373479,121.6694357,0
海珠,23.0889813,113.32354,3
邗江,32.38275136,119.4043851,3
邯郸,36.63126273,114.5456282,0
邯山,36.58669219,114.4963887,0
含山,31.74086221,118.107462,3
涵江,25.46446439,119.1225674,3
韩城,35.48208679,110.4495526,0
寒亭,36.78074379,119.2266151,0
汉滨,32.70119611,109.0335961,3
汉川,30.66691358,113.845549,3
汉沽,39.26320275,117.8240988,0
汉南,30.31480912,114.0915149,3
汉寿,28.9122876,111.9764119,3
汉台,33.07419109,107.0384017,0
汉阳,30.56005203,114.2254456,3
汉阴,32.89912086,108.515507,3
汉源,29.35021739,102.6585759,3
汉中,33.07379991,107.0294302,0
行唐,38.44423875,114.5596068,0
杭锦后旗,40.89217942,107.1573724,1
杭锦旗,39.83881577,108.7424129,1
杭州,30.25308298,120.2155118,3
濠江,23.29154636,116.7335166,3
合川,29.97818124,106.2825411,3
合肥,31.82657783,117.2334427,3
合江,28.81800642,105.8373683,3
合浦,21.66700574,109.2134386,3
合山,23.81226007,108.8925658,3
合水,35.82526222,108.0264472,0
合阳,35.2438722,110.1553962,0
和布克赛尔,42.00608386,111.7268638,1
和静,42.32936504,86.39039822,1
和林格尔,40.38479774,111.8284302,1
和龙,42.55232257,129.0173871,0
和平,24.27955689,121.150732,3
和顺,37.33480774,113.5766057,0
和硕,42.28806506,86.88368904,1
和田,37.12044646,79.92850706,2
和县,31.74824382,118.3595125,3
和政,35.4305899,103.3575237,2
河北,39.15348514,117.2035928,0
河池,24.69891173,108.0914999,3
河东,39.13448733,117.258413,0
河间,38.45135652,116.1056281,0
河津,35.60192658,110.7185721,0
河口,22.5354656,103.9454436,3
河南,34.74039607,101.6224734,2
河曲,39.39070249,111.1444486,1
河西,39.11571808,117.2294163,0
河源,23.74968437,114.7074463,3
荷塘,27.86215581,113.1804522,3
菏泽,35.23940742,115.487545,0
贺兰,38.56040669,106.3565183,1
贺州,24.4094509,111.5735263,3
赫山,28.58498357,112.3805979,3
赫章,27.12905168,104.7335158,3
鹤壁,35.75235741,114.3035936,0
鹤城,27.58522576,110.0463999,3
鹤峰,29.89611648,110.0404242,3
鹤岗,47.35605616,130.3044329,0
鹤庆,26.56619731,100.1824921,3
鹤山,35.96028025,114.1695548,0
黑河,50.25127231,127.5354899,0
黑山,41.67159298,122.130557,0
黑水,32.06780545,102.9965174,2
恒山,45.21697188,130.9113852,0
横店,30.80476464,114.2982075,3
横峰,28.41344046,117.6023974,3
横山,37.96857339,109.3004913,0
横县,22.68557261,109.2675678,3
衡东,27.08704282,112.9594953,3
衡南,26.74453196,112.6844025,3
衡山,27.23599603,112.8755633,3
衡水,37.74519141,115.6754061,0
衡阳,26.89957614,112.5784472,3
红安,31.29429671,114.6244256,3
红岗,46.40431311,124.8974774,0
红古,36.35186342,102.8654278,1
红河,23.36999625,103.3815491,3
红花岗,27.65087026,106.9004966,3
红旗,35.31013551,113.8814158,0
红桥,39.17328565,117.1575179,0
红山,42.27047844,118.9635635,1
红寺堡,37.43188245,106.0684212,1
红星,48.24548041,129.3975071,0
红原,32.79660528,102.5506152,2
宏伟,41.22336811,123.2035802,0
虹口,31.2697467,121.5115865,3
洪洞,36.25946708,111.6815894,0
洪湖,29.83277033,113.4825529,3
洪家,29.79812102,119.9079004,3
洪江,27.21507709,109.8435098,3
洪山,30.50633396,114.3504555,3
洪雅,29.91061584,103.3796022,3
洪泽,33.29962468,118.8795836,0
侯马,35.62536482,111.3783966,0
呼和浩特,40.848423,111.7555086,1
呼兰,45.89520978,126.594399,0
呼伦贝尔,49.21844648,119.7723705,1
呼玛,51.73094675,126.6596499,0
呼图壁,44.1976546,86.90514381,1
壶关,36.1213346,113.2135799,0
葫芦岛,40.71736444,120.8433983,0
湖滨,34.77599679,111.1955739,0
湖口,29.73713151,116.2584713,3
湖里,24.51757314,118.1535881,3
湖州,30.89896394,120.0945166,3
虎林,45.76894691,132.9434657,0
虎丘,31.30193288,120.5784718,3
户县,34.11502071,108.6114202,0
花地玛,28.6226069,106.8110954,3
花都,23.4111615,113.2265758,3
花山,31.72547257,118.4996056,3
花溪,26.41587946,106.6764408,3
花垣,28.57790993,109.4885618,3
华安,25.01006773,117.5405856,3
华池,36.46757513,107.9963895,0
华龙,35.78363288,115.0804129,0
华宁,24.19858103,102.9354919,3
华坪,26.63522301,101.2724301,3
华容,30.54059953,114.7364263,3
华亭,35.22355076,106.659486,0
华县,34.51873074,109.7784774,0
华阴,34.57180016,110.0986008,0
华蓥,30.39630708,106.7894618,3
滑县,35.5810454,114.5255532,0
化德,41.90960259,114.0164088,1
化隆,36.10098825,102.2704483,2
化州,21.67023109,110.646431,3
桦川,47.02881685,130.7255494,0
桦甸,42.97798278,126.7524842,0
桦南,46.24507748,130.560385,0
怀安,40.68036934,114.3924691,1
怀化,27.5751609,110.0085143,3
怀集,23.91784213,112.1914688,3
怀来,40.42028989,115.5245529,1
怀宁,30.73939967,116.8365926,3
怀仁,39.83375689,113.1066085,1
怀柔,40.3226184,116.6383859,1
怀远,32.97600373,117.2115063,3
淮安,33.6162953,119.0214837,0
淮南,32.6318474,117.0063889,3
淮上,32.97054701,117.3663827,3
淮阳,33.73734718,114.8925862,0
淮阴,33.63815042,119.0414217,0
槐荫 ,36.65756173,116.9074584,0
环翠,37.50796807,122.1295382,0
环江,24.83208794,108.2644431,3
环县,36.57442711,107.3144696,0
桓仁,41.2729253,125.3675444,0
桓台,36.96560798,118.1044342,0
皇姑,41.82604212,123.4316208,0
黄陂,30.88753377,114.382454,3
黄岛,35.96638287,120.2045465,0
黄冈,30.45935886,114.8784905,3
黄骅,38.3774939,117.3364811,0
黄陵,35.58507635,109.269606,0
黄龙,35.59023377,109.8465491,0
黄梅,30.07660506,115.950462,3
黄南,35.52580459,102.0224283,2
黄平,26.91128864,107.9235478,3
黄埔,23.18749154,113.4870708,3
黄浦,31.23724715,121.4915856,3
黄山,29.72188979,118.3454373,3
黄石,30.20520785,115.0455329,3
黄石港,30.22905264,115.0724175,3
黄岩,28.65533361,121.2685661,3
黄州,30.44022415,114.8865324,3
湟源,36.68858751,101.2624486,1
湟中,36.50662755,101.5786168,1
潢川,32.13753072,115.0584708,3
珲春,42.86851512,130.3726132,0
辉南,42.69069988,126.0535813,0
辉县,35.46795782,113.811573,0
徽县,33.77519419,106.0944179,0
徽州,29.83422139,118.3434358,3
汇川,27.75634338,106.9404575,3
会昌,25.60666183,115.7924596,3
会东,26.64082378,102.5844622,3
会理,26.66119978,102.2514363,3
会宁,35.69850805,105.0596069,0
会同,26.89338382,109.7415856,3
会泽,26.42421505,103.3034873,3
惠安,25.03694982,118.8034155,3
惠城,23.08972597,114.38949,3
惠东,22.99144311,114.7264259,3
惠济,34.87351989,113.6234553,0
惠来,23.03964537,116.3014445,3
惠民,37.49580311,117.5165097,0
惠农,39.24538811,106.78843,1
惠山,31.68674134,120.3045956,3
惠水,26.13820989,106.6634526,3
惠阳,22.79472088,114.4634644,3
惠州,23.11635885,114.423558,3
浑江,41.95042373,126.4236195,0
浑南,41.72091567,123.4559899,0
浑源,39.69895297,113.7056003,0
获嘉,35.26580928,113.6634167,0
霍城,44.06224951,80.88528112,1
霍尔果斯,44.23530856,80.42712977,1
霍邱,32.35934359,116.2843913,3
霍山,31.39857081,116.3395759,3
霍州,36.57460695,111.7615094,0
鸡东,45.26618456,131.1305585,0
鸡冠,45.30980634,130.9876316,0
鸡西,45.30087232,130.9756187,0
鸡泽,36.91639821,114.8965858,0
积石山,35.72349932,102.8825181,2
吉安,27.11972683,115.0005107,3
吉兰泰,39.75539719,105.7689205,1
吉利,34.90701266,112.5954785,0
吉林,43.84356783,126.5556345,0
吉隆,28.85850166,85.30407377,2
吉木乃,47.44901841,85.88081824,1
吉木萨尔,44.0057178,89.18712286,1
吉首,28.26749313,109.7044488,3
吉水,27.23525975,115.1425698,3
吉县,36.10399906,110.6885464,0
吉阳,18.25705767,109.5205517,3
吉州,27.14931499,115.0015394,3
即墨,36.39474917,120.4535362,0
集安,41.13129972,126.1995774,0
集美,24.58201906,118.1034349,3
集宁,41.04114617,113.120587,1
集贤,46.73451779,131.1474345,0
济南,36.6565542,117.1263994,0
济南市中,36.6565542,117.1263994,0
济宁,35.42017739,116.5936123,0
济阳,36.98397052,117.1806211,0
济源,35.07290723,112.6085807,0
绩溪,30.0732922,118.5854438,3
蓟州,40.05150879,117.4145787,0
稷山,35.61040357,110.9894146,0
冀州,37.55708603,115.5854299,0
加查,29.14608747,92.60044888,2
加格达奇,50.42987201,124.1326882,0
佳木斯,46.80568999,130.3273591,0
佳县,38.02561168,110.4974774,0
嘉禾,25.59342172,112.3755838,3
嘉黎,30.64706246,93.23873152,2
嘉陵,30.76489556,106.078433,3
嘉善,30.83712219,120.9325106,3
嘉祥,35.41325504,116.3486131,0
嘉兴,30.75097483,120.7635518,3
嘉荫,48.89498347,130.4105555,0
嘉鱼,29.97635352,113.9455705,3
嘉峪关,39.77796015,98.29620384,1
夹江,29.7438463,103.5784101,3
郏县,33.97748629,113.2196062,0
贾汪,34.4416204,117.4694304,0
尖草坪,37.94594335,112.493605,0
尖山,46.65258592,131.1653418,0
尖扎,35.94428446,102.0375073,2
监利,29.84573516,112.9114202,3
犍为,29.21421946,103.9555065,3
简阳,30.41745149,104.5534941,3
建昌,40.83037995,119.8435953,0
建德,29.48115403,119.2873981,3
建湖,33.46983298,119.8055313,0
建华,47.36055487,123.9613501,0
建宁,26.83682466,116.8525062,3
建瓯,27.02895509,118.3114607,3
建平,41.40945551,119.6493804,0
建始,30.60790703,109.7285561,3
建水,23.64093856,102.8334396,3
建阳,27.33750247,118.1275252,3
建邺,32.0093697,118.7385694,3
剑川,26.54251653,99.91209124,3
剑阁,32.29347852,105.531576,3
剑河,26.73404756,108.4475171,3
涧西,34.66346897,112.402552,0
江安,28.72960972,105.0735949,3
江岸,30.6054028,114.3165792,3
江城,21.86812789,111.9614545,3
江川,24.2934387,102.760527,3
江达,31.50520702,98.22459452,2
江东,29.70422979,107.426898,3
江都,32.44029451,119.576603,3
江干,30.26331057,120.2115388,3
江海,22.56611545,113.1175572,3
江汉,30.60728228,114.2775061,3
江华,25.19134892,111.585452,3
江津,29.29588437,106.2655976,3
江口,27.7059217,108.8454001,3
江陵,30.04804298,112.431452,3
江门,22.58460388,113.0885562,3
江宁,31.95852687,118.8465671,3
江浦,31.81286118,90.75446646,2
江山,28.74286848,118.6335833,3
江夏,30.38156422,114.3285513,3
江阳,28.88449834,105.4415732,3
江阴,31.92604491,120.291568,3
江永,25.27972067,111.3504366,3
江油,31.78412819,104.7524116,3
江源,42.06293937,126.597391,0
江州,22.41124573,107.3595332,3
江孜,28.91763468,89.61201219,2
将乐,26.73520952,117.477409,3
姜堰,32.51523367,120.1333983,3
绛县,35.49727637,111.5754865,0
交城,37.55777224,112.1625677,0
交口,36.98787267,111.1876282,0
胶南,35.87234791,120.046455,0
胶州,36.27034909,120.0395354,0
椒江,28.67925822,121.449408,3
蛟河,43.73000387,127.3514802,0
焦作,35.22096325,113.2485478,0
蕉城,26.66673856,119.5334424,3
蕉岭,24.66499255,116.1774392,3
揭东,23.57248519,116.4184558,3
揭西,23.43729971,115.8485609,3
揭阳,23.55574049,116.3785122,3
解放,35.24630981,113.2375718,0
介休,37.0326864,111.9235632,0
界首,33.26277524,115.3806098,0
金安,31.75628772,116.5454384,3
金昌,38.52582009,102.1946057,1
金城江,24.69567938,108.0435071,3
金川,31.48200595,102.0706104,2
金东,29.10476502,119.6995824,3
金凤,38.47869524,106.2495609,1
金湖,33.03128383,119.0264691,0
金华,29.08463939,119.6534362,3
金家庄,31.85378559,120.6580594,3
金口河,29.25080357,103.0853939,3
金明,31.67856581,120.3731432,3
金牛,30.69735604,104.0574036,3
金平,23.37175039,116.7095501,3
金沙,27.46535487,106.2264416,3
金山,25.22015442,121.6155666,3
金山屯,47.41875901,129.4356386,0
金水,34.80607045,113.6664477,0
金塔,39.99002925,98.90836824,1
金台,34.38235108,107.1534237,0
金坛,31.72889303,119.6045709,3
金堂,30.86835842,104.4184426,3
金湾,22.15257678,113.3695171,3
金溪,27.92532919,116.760404,3
金乡,35.07256912,116.3185298,0
金秀,24.13631949,110.1955063,3
金阳,27.70214451,103.254549,3
金寨,31.73346173,115.9404412,3
金州,39.05643299,121.7894356,0
津南,38.94414857,117.3633868,0
津市,29.61125854,111.8845173,3
锦江,30.66190449,104.0895618,3
锦屏,26.68263163,109.2074385,3
锦州,41.1009315,121.1325963,0
进贤,28.38275894,116.2485378,3
晋安,26.0872139,119.3345794,3
晋城,35.49628459,112.8585782,0
晋江,24.78782458,118.5584305,3
晋宁,24.67609881,102.6024181,3
晋源,37.72116886,112.4845642,0
晋中,37.69283941,112.7595948,0
晋州,38.03949131,115.050529,0
缙云,28.66521475,120.0974783,3
京口,32.20378548,119.4756037,3
京山,31.0243306,113.1265481,3
京唐港,39.20611914,119.01349,0
泾川,35.3386686,107.3745181,0
泾县,30.69467249,118.4264347,3
泾阳,34.53331653,108.8493788,0
泾源,35.50436164,106.3373934,0
荆门,31.04173258,112.206393,3
荆州,30.34084211,112.2455226,3
旌德,30.29248109,118.5464674,3
旌阳,31.14859629,104.4234388,3
精河,44.60664594,82.90065532,1
井冈山,26.75370974,114.2955559,3
井陉,38.03838621,114.151463,0
井陉矿,38.07056583,114.0686319,0
井研,29.65730306,104.0765107,3
景德镇,29.27424771,117.1845764,3
景东,24.45186378,100.8384886,3
景谷,23.50320407,100.7094566,3
景洪,22.01700442,100.8064431,3
景宁,27.97955397,119.6424303,3
景泰,37.18740626,104.0694444,1
景县,37.69881455,116.2774108,0
竞秀,38.88378796,115.4654341,0
靖安,28.86708192,115.3695531,3
靖边,37.60506319,108.8006005,0
靖江,31.98817008,120.283532,3
靖西,23.14012567,106.4244527,3
靖宇,42.39476573,126.819499,0
靖远,36.57709629,104.6825151,1
靖州,26.58132135,109.7024516,3
静海,38.95337069,116.9804686,0
静乐,38.36514709,111.9454319,0
静宁,35.52825719,105.7384158,0
镜湖,31.3458666,118.3926063,3
鸠江,31.37580452,118.3975885,3
九华山,31.27846992,121.6081858,3
九江,29.71134056,116.0075349,3
九龙,29.0064319,101.5134157,2
九台,44.15779185,125.8455644,0
九原,40.61339659,109.969588,1
九寨沟,33.25759151,104.2495467,0
久治,33.4347735,101.4885323,2
酒泉,39.73846908,98.50068522,1
莒南,35.18081163,118.8415408,0
莒县,35.58587212,118.8435382,0
巨鹿,37.22708833,115.0435874,0
巨野,35.40206238,116.101599,0
句容,31.95092349,119.1754332,3
鄄城,35.56920426,115.5166069,0
君山,29.46712919,113.0125171,3
筠连,28.17017446,104.5174064,3
浚县,35.68191731,114.5576079,0
喀什,39.47609675,75.99639056,1
开封,34.80288581,114.3145926,0
开封鼓楼,34.79487425,114.3544049,0
开福,28.26137869,112.9925849,3
开化,29.14318752,118.4214593,3
开江,31.08937215,107.8754249,3
开鲁,43.60636943,121.3253857,0
开平,39.67714364,118.2686076,0
开县,31.16664411,108.3994977,3
开阳,27.06367357,106.9715596,3
开原,42.55207907,124.0445689,0
开远,23.7199078,103.2735532,3
凯里,26.57307943,107.9874689,3
康巴什,39.61637815,109.8696274,1
康保,41.85863688,114.6063558,1
康定,30.00440738,101.9635552,2
康马,28.56144395,89.68824492,2
康平,42.7499255,123.3375112,0
康县,33.3353764,105.6153919,0
柯城,28.97420365,118.8775839,3
柯坪,40.51405552,79.05321354,1
岢岚,38.71015104,111.5794778,0
克东,48.04824416,126.2553867,0
克拉玛依,45.58567524,84.89590054,1
克山,48.04317236,125.8813783,0
垦利,37.57855513,118.5814317,0
崆峒,35.54881489,106.6814145,0
库车,41.72344751,82.96845879,1
库尔勒,41.73237322,86.18149431,1
库伦,44.01001681,86.87480354,1
宽城,43.94950224,125.3346245,0
宽城满族,40.61715151,118.4915944,0
宽甸,40.7375532,124.7904266,0
矿区,37.87440915,113.5615212,0
奎屯,44.43205721,84.90944924,1
奎文,36.71275201,119.1394705,0
昆都仑,40.64764411,109.8455383,1
昆明,24.87399815,102.8524484,3
昆山,31.39086343,120.9874525,3
拉萨,29.65004027,91.12082392,2
拉萨城关,29.65833125,91.14510035,2
拉孜,29.08750968,87.64364732,2
来安,32.45844976,118.4424125,3
来宾,23.75654676,109.2274582,3
来凤,29.49944357,109.4134948,3
莱城,36.20884143,117.6665907,0
莱山,37.51764858,121.4513807,0
莱芜,36.20884143,117.6665907,0
莱西,36.8939563,120.5245562,0
莱阳,36.98463557,120.7184143,0
莱州,37.18263661,119.9485931,0
涞水,39.4003342,115.720543,0
涞源,39.36627169,114.7004756,0
兰考,34.8284929,114.8274607,0
兰坪,26.4592079,99.42328467,3
兰山,35.05734023,118.3544997,0
兰西,46.25809517,126.2946195,0
兰溪,29.21404435,119.4665987,3
兰州,36.06723469,103.8405212,1
岚皋,32.31288078,108.9086154,3
岚山,35.12743233,119.3255304,0
岚县,38.28502879,111.6785922,0
蓝山,25.37593472,112.2034349,3
蓝田,34.15762065,109.3293881,0
澜沧,22.56183192,99.93858828,3
郎溪,31.13268187,119.1864659,3
阆中,31.56407455,106.0115653,3
琅琊,32.30086749,118.3124413,3
廊坊,39.54336666,116.6905817,0
朗县,29.05190242,93.08136823,2
浪卡子,28.97399202,90.40464688,2
崂山,36.11349942,120.4753972,0
老边,40.68638362,122.3864392,0
老城,34.68960106,112.4765036,0
老河口,32.39245959,111.6815564,3
乐安,27.43407986,115.8374963,3
乐昌,25.13559156,113.3545787,3
乐都,36.48782005,102.4085663,1
乐陵,37.7359245,117.2384064,0
乐平,28.98436367,117.1585107,3
乐清,28.11818,120.9925019,3
乐山,29.55794072,103.7725376,3
乐亭,39.43193132,118.9193841,0
乐业,24.78321647,106.5634297,3
乐至,30.28234835,105.027477,3
雷波,28.26895062,103.5784287,3
雷山,26.38420512,108.0845289,3
雷州,20.91988059,110.1025805,3
耒阳,26.42806559,112.8665972,3
类乌齐,31.21779311,96.60671719,2
冷湖,38.88142428,93.34164427,2
冷水江,27.69205885,111.4415397,3
冷水滩,26.46770551,111.5984261,3
离石,37.52357748,111.1574908,0
梨树,45.09824178,130.7033961,0
黎城,36.5086699,113.3934325,0
黎川,27.28834023,116.914507,3
黎平,26.23687405,109.143567,3
蠡县,38.49420096,115.5904455,0
礼泉,34.48739077,108.4316155,0
礼县,34.19468506,105.183591,0
李沧,36.15102467,120.4396028,0
理塘,30.00003062,100.2755746,2
理县,31.44255044,103.1735114,2
鲤城,24.91335417,118.5934811,3
澧县,29.638946,111.7655335,3
醴陵,27.65232515,113.5034832,3
历下,36.67216295,117.0825673,0
立山,41.15611612,123.0354841,0
丽江,26.86065744,100.2324645,3
丽水,28.47327818,119.9295731,3
利川,30.29720344,108.9424806,3
利津,37.4958603,118.261618,0
利通,37.99074608,106.219407,1
利辛,33.15559584,116.1914935,0
利州,32.44020781,105.8524262,3
荔波,25.41709757,107.8934094,3
荔城,25.43975448,119.0194817,3
荔浦,24.49412164,110.4014368,3
荔湾,23.13179113,113.2505023,3
溧水,31.6572837,119.0344039,3
溧阳,31.42210229,119.491506,3
连城,25.71633738,116.7604462,3
连江,26.20358329,119.5464788,3
连南,24.73154858,112.2935173,3
连平,24.37580807,114.4954442,3
连山,40.78089381,120.8764817,0
连云,34.76533714,119.3465878,0
连云港,34.60224953,119.2286213,0
连云港海州,34.57745612,119.1694081,0
连州,24.78646686,112.3835726,3
莲都,28.45174514,119.9195191,3
莲湖,34.2710172,108.9504264,0
涟水,33.78707871,119.2664484,0
涟源,27.69816753,111.670562,3
廉江,21.6158165,110.2924477,3
良庆,22.76284928,108.3275158,3
凉城,40.53716313,112.5106002,1
凉山,27.8877523,102.2735027,3
凉州,37.93412195,102.6485748,1
梁河,24.81078446,98.30313363,3
梁平,30.66055326,107.7760973,3
梁山,35.80806389,116.1026203,0
梁园,34.44947125,115.620602,0
梁子湖,30.10590677,114.6915066,3
两当,33.91512284,106.3114195,0
辽阳,41.27416129,123.2433664,0
辽源,42.89405501,125.1504252,0
辽中,41.52314908,122.7723784,0
聊城,36.46275819,115.9915878,0
烈山,33.90157406,116.8195991,0
邻水,30.34107252,106.9364026,3
林甸,47.1772344,124.8696504,0
林口,25.10372006,121.3628373,3
林西,43.62421026,118.0624614,1
林芝,29.65404218,94.36805829,2
林州,36.08885321,113.8255902,0
林周,29.89873321,91.26950057,2
临安,30.2398056,119.7315174,3
临沧,23.89046856,100.0954404,3
临城,37.45078855,114.5054433,0
临汾,36.0937419,111.5255302,0
临桂,25.244302,110.2185867,3
临海,28.86404933,121.1515853,3
临河,40.75668073,107.3695338,1
临江,41.81767864,126.9245815,0
临澧,29.44654399,111.653585,3
临清,36.84428919,115.7114696,0
临朐,36.5191295,118.54945,0
临泉,33.04595953,115.2676155,0
临沭,34.92601859,118.6574945,0
临潭,34.69863941,103.3605333,2
临洮,35.40058704,103.8656011,2
临潼,34.37274743,109.2204358,0
临渭,34.50400047,109.4985963,0
临武,25.28252701,112.5704112,3
临西,36.87675997,115.5076294,0
临夏,35.60756218,103.2163906,2
临县,37.95721067,110.9984149,0
临湘,29.48280137,113.4565615,3
临翔,23.90140194,100.0884425,3
临猗,35.14954224,110.780407,0
临沂,35.11067124,118.363533,0
临沂河东,35.09567554,118.4095474,0
临邑,37.19616937,116.8734037,0
临颍,33.83269195,113.9375783,0
临泽,39.15851444,100.1705548,1
临漳,36.34076598,114.6264269,0
临淄,36.83229364,118.3153946,0
麟游,34.68374867,107.7995141,0
灵宝,34.52314262,110.9004083,0
灵璧,33.54789223,117.564557,0
灵川,25.41554953,110.3325372,3
灵丘,39.44882513,114.2413682,0
灵山,22.42241333,109.297478,3
灵石,36.8533675,111.7856179,0
灵寿,38.31462937,114.3894778,0
灵台,35.07158182,107.6274612,0
灵武,38.10865867,106.3464404,1
凌海,41.16648763,121.3625388,0
凌河,41.12069061,121.15759,0
凌源,41.2516513,119.4073581,0
凌云,24.35401524,106.5684157,3
陵城,37.34713243,116.5894,0
陵川,35.78174364,113.2874066,0
零陵,26.22768209,111.6375024,3
岭东,46.46459605,131.1643767,0
浏阳,28.16983222,113.6493982,3
留坝,33.62382522,106.9274144,0
柳城,24.65637039,109.2515615,3
柳河,42.29087122,125.751424,0
柳江,24.26081497,109.3324442,3
柳林,37.43549296,110.8953898,0
柳南,24.34157887,109.3915519,3
柳州,24.33196139,109.4344219,3
六安,31.74145082,116.5264097,3
六合,32.32866604,118.8274713,3
六库,30.48102042,114.3221987,3
六盘水,26.59883311,104.8375546,3
龙安,36.08275278,114.3075932,0
龙城,41.59846852,120.4435669,0
龙川,24.10585072,115.2665555,3
龙凤,46.56767807,125.1404726,0
龙岗,22.72601655,114.2544549,3
龙港,40.7410566,120.9006208,0
龙海,24.45293974,117.8244509,3
龙湖,23.37777578,116.7235246,3
龙华,22.75759665,114.0485288,3
龙江,47.34360574,123.211539,0
龙井,24.20876557,120.5344724,3
龙口,37.65255513,120.4853685,0
龙里,26.45908063,106.986586,3
龙陵,24.59254695,98.69574991,3
龙马潭,28.91908396,105.4445942,3
龙门,23.73383834,114.2614302,3
龙南,24.91659946,114.7965541,3
龙泉,28.08050873,119.1484448,3
龙泉驿,30.56269784,104.281397,3
龙山,42.90763401,125.1434524,0
龙胜,22.71506816,113.8612628,3
龙胜各族,25.80411678,110.017494,3
龙潭,24.85403473,121.2223369,3
龙亭,34.82203561,114.3614132,0
龙湾,27.93865224,120.8194676,3
龙文,24.50950968,117.7164547,3
龙岩,25.08121984,117.0234476,3
龙游,29.03448655,119.1784183,3
龙州,22.34829891,106.8605819,3
龙子湖,32.94864426,117.3995128,3
隆安,23.17158525,107.7025739,3
隆昌,29.34523837,105.2942909,3
隆德,35.63176232,106.1184983,0
隆化,41.31989881,117.745451,1
隆回,27.11994644,111.0395067,3
隆林各族,24.77681361,105.3504595,3
隆阳,25.12688832,99.17207084,3
隆尧,37.35590801,114.7766161,0
隆子,28.414019,92.46896552,2
陇川,24.18946789,97.79853036,3
陇南,33.40662023,104.928575,0
陇西,35.01019716,104.6413806,0
陇县,34.89878025,106.8705837,0
娄底,27.7032086,112.0015035,3
娄烦,38.07319537,111.8035906,0
娄星,27.73560484,112.0085584,3
卢龙,39.89795847,118.8994891,0
卢氏,34.05992485,111.054564,0
芦山,30.14987319,102.9345277,2
芦淞,27.79150883,113.1584187,3
芦溪,27.63660472,114.0365194,3
庐江,31.26132764,117.2935773,3
庐山,29.45453917,116.0514259,3
庐阳,31.8848867,117.2714591,3
炉霍,31.39799188,100.6823969,2
泸定,29.92040166,102.2414321,2
泸水,25.82902677,98.86458616,3
泸西,24.53803717,103.7725231,3
泸溪,28.2218731,110.2265992,3
泸县,29.15782761,105.3883097,3
泸州,28.8776683,105.4485241,3
鲁甸,27.19310722,103.5644122,3
鲁山,33.74487886,112.914434,0
陆川,22.32722153,110.2704562,3
陆丰,22.92363577,115.6584903,3
陆河,23.30767708,115.6664827,3
陆良,25.03563947,103.6734325,3
鹿城,28.02035161,120.6615865,3
鹿泉,38.09174946,114.3205976,0
鹿邑,33.86717329,115.4905853,0
鹿寨,24.47862227,109.7575545,3
禄丰,25.1558308,102.0855314,3
禄劝,25.5576718,102.4774232,3
碌曲,34.59708727,102.4944241,2
路南,39.63104285,118.1606067,0
潞城,36.33969127,113.2355785,0
孪井滩,36.56572891,103.1273023,1
栾城,37.90581636,114.6545756,0
栾川,33.79182246,111.6224267,0
滦南,39.5100447,118.6804052,0
滦平,40.94756096,117.3394979,1
滦县,39.74711577,118.7104801,0
轮台,41.783813,84.25821215,1
罗城,24.783085,108.9115745,3
罗甸,25.43083768,106.7585481,3
罗定,22.77429606,111.5764805,3
罗湖,22.55448488,114.1374319,3
罗江,31.32417864,104.5174142,3
罗平,24.89051972,104.3155102,3
罗山,32.20915045,114.5195299,3
罗田,30.7889105,115.4055472,3
罗源,26.49549566,119.5564805,3
罗庄,35.00250373,118.2915125,0
萝北,47.5834222,130.835495,0
萝岗,31.96417015,115.3917608,3
洛川,35.76830043,109.438404,0
洛江,24.94621365,118.6774163,3
洛龙,34.62470471,112.4704693,0
洛隆,30.74712651,95.83130661,2
洛南,34.09707054,110.1544275,0
洛宁,34.39498456,111.6595874,0
洛浦,37.07961103,80.19538761,2
洛阳,34.62426278,112.4594213,0
洛扎,28.39163462,90.866452,2
漯河,33.58771071,114.0234208,0
吕梁,37.52449775,111.1504497,0
旅顺,41.95667236,123.7079556,0
旅顺口,38.85683222,121.2685969,0
绿春,23.00016494,102.398494,3
绿园,43.8868104,125.2624426,0
略阳,33.33319378,106.163544,0
麻城,31.17699584,115.0165617,3
麻江,26.4968076,107.5955514,3
麻栗坡,23.13158558,104.7095495,3
麻山,45.217935,130.4845364,0
麻阳,27.87193016,109.8094363,3
麻章,21.26918877,110.3405792,3
马鞍山,31.6762656,118.5135796,3
马边,28.84173601,103.5524542,3
马村,35.26189444,113.328544,0
马尔康,31.91174796,102.2135021,2
马关,23.01899358,104.400415,3
马龙,25.43396637,103.5854469,3
马坡岭,33.46558562,112.4107331,0
马山,23.71387773,108.1835622,3
马尾,26.00453377,119.4455192,3
玛多,34.92074865,98.21588383,2
玛纳斯,44.31006286,86.22064345,1
玛沁,34.48356949,100.2455643,2
玛曲,34.00335817,102.0786,2
麦盖提,38.91119432,77.65882429,1
麦积,34.57633686,105.895597,0
满城,38.95544121,115.3283751,0
满都拉,36.19263435,117.1388363,0
满洲里,49.60409885,117.3854359,1
芒康,29.68577612,98.59968548,2
芒市,24.4394267,98.59455418,3
茫崖,38.26190281,90.8795175,2
茅箭,32.59728652,110.8195803,3
茂名,21.66906403,110.9315426,3
茂南,21.64715208,110.9255458,3
茂县,31.6868094,103.8595898,3
眉山,30.08252612,103.8565633,3
眉县,34.28037586,107.7563981,0
梅河口,42.54488389,125.7176078,0
梅江,24.31587877,116.123536,3
梅里斯达斡尔族,47.31554957,123.7595409,0
梅列,26.27733588,117.6525502,3
梅县,24.27099931,116.0885617,3
梅州,24.29417753,116.1295374,3
湄潭,27.75449836,107.4725985,3
美姑,28.33401962,103.1385858,3
美兰,20.03464622,110.3734984,3
美溪,47.64134415,129.1353678,0
门头沟,39.94614672,116.1076036,0
门源,37.38218063,101.628438,1
蒙城,33.27165824,116.5715894,0
蒙山,24.20001745,110.531417,3
蒙阴,35.71634717,117.9514146,0
蒙自,23.40207989,103.3715459,3
勐海,21.9634336,100.4594459,3
勐腊,21.46528088,101.5715283,3
孟村,38.05983913,117.1104361,0
孟津,34.83173157,112.4514177,0
孟连,22.33530762,99.59096283,3
孟州,34.91359782,112.7973949,0
弥渡,25.34933603,100.497586,3
弥勒,24.41798223,103.4214891,3
米东,43.97924743,87.66213427,1
米林,29.22091654,94.21993858,2
米泉,43.96894819,87.67336156,1
米易,26.89696798,102.1164404,3
米脂,37.76139751,110.1904514,0
汨罗,28.81245469,113.0734929,3
泌阳,32.72973065,113.333558,3
密山,45.53564081,131.8535311,0
密云,40.38217566,116.849547,1
绵阳,31.47366305,104.6855619,3
绵竹,31.34359226,104.2276093,3
勉县,33.15980475,106.6794259,0
冕宁,28.55529445,102.1835746,3
渑池,34.77319704,111.7685423,0
民丰,37.07025697,82.70271343,2
民和,36.3255614,102.8363896,1
民勤,38.63062483,103.1004003,1
民权,34.65247873,115.1545761,0
岷县,34.44440764,104.043396,0
闵行,31.11884258,121.3886119,3
闽侯,26.15603521,119.138482,3
闽清,26.22684754,118.8695765,3
彭山,30.19885442,103.8795582,3
明光,32.78302282,117.9955098,3
明山,41.31493937,123.8234745,0
明水,47.17948337,125.9124827,0
明溪,26.36185369,117.2085176,3
莫索湾,30.96104019,95.93949188,2
漠河,52.97830368,122.5454208,0
墨江,23.43772577,101.6985836,3
墨脱,29.3309377,95.3394953,2
墨玉,37.28299345,79.73547927,2
墨竹工卡,29.83975261,91.7372664,2
牟定,25.3188459,101.553481,3
牟平,37.39291545,121.6065491,0
牡丹江,44.55624571,129.6395398,0
木兰,45.95687132,128.0503562,0
木垒,24.62722404,108.5989671,3
木里,27.93459856,101.286397,3
沐川,28.96288828,103.908467,3
牧野,35.32102349,113.9155129,0
穆棱,44.92478459,130.5305585,0
那坡,23.39379383,105.8394226,3
那曲,31.48243839,92.0573385,2
那仁宝力格,25.02513959,106.6677502,3
纳溪,28.77900144,105.378005,3
纳雍,26.78371723,105.3894866,3
乃东,29.23422915,91.77868197,2
南安,24.96636235,118.392572,3
南澳,23.42781205,117.030496,3
南部,31.3537053,106.0435783,3
南岔,47.14374991,129.2895718,0
南昌,28.6894553,115.8645894,3
南城,27.57624097,116.6433988,3
南充,30.84378251,106.1175026,3
南川,29.1634786,107.1055851,3
南丹,24.98184978,107.5474803,3
南芬,41.10709572,123.7514671,0
南丰,27.22473352,116.5314035,3
南岗,45.76586616,126.6756385,0
南宫,37.3640694,115.4145291,0
南关,43.86987303,125.3566098,0
南海,23.03501145,113.1494457,3
南和,37.01099797,114.6905477,0
南湖,30.75154681,120.7896101,3
南华,25.19858707,101.2804206,3
南汇,30.56191786,120.9148276,3
南涧,25.04942676,100.5155486,3
南江,32.35253165,106.8344835,3
南郊,31.43421924,121.1272823,3
南京,32.06465289,118.8024217,3
南靖,24.52085173,117.3634464,3
南开,39.14410528,117.1565154,0
南康,25.66705293,114.7715382,3
南乐,36.07603083,115.2113862,0
南陵,30.9202603,118.3404182,3
南明,26.57433618,106.7205276,3
南木林,29.68793804,89.10570421,2
南宁,22.8226066,108.3734508,3
南皮,38.04518789,116.7156012,0
南票,41.1130976,120.7564931,0
南平,26.64777287,118.1843695,3
南谯,32.2061319,118.4234821,3
南沙,22.8079293,113.5314355,3
南山,47.32124594,130.2935403,0
南市,24.12403697,120.6750281,3
南通,31.98654943,120.9015917,3
南溪,28.85150365,104.9765133,3
南县,24.12403697,120.6750281,3
南雄,25.12352654,114.3185789,3
南浔,30.85524298,120.4246014,3
南阳,32.9965622,112.5345013,3
南岳,27.23836047,112.7455743,3
南漳,31.78112971,111.8453862,3
南长,25.60321414,109.7919625,3
南召,33.4961858,112.4354252,0
南郑,33.0056146,106.9424332,0
囊谦,32.20919437,96.48691827,2
讷河,48.49008659,124.8905491,0
内黄,35.97694967,114.9075888,0
内江,29.58588654,105.064588,3
内丘,37.29285791,114.5184929,0
内乡,33.05120311,111.8554253,0
嫩江,49.19132018,125.2276347,0
尼勒克,43.80459484,82.51800753,1
尼玛,31.79095333,87.24329241,2
尼木,29.43751898,90.17118007,2
碾子山,47.5232363,122.8943668,0
聂拉木,28.16083936,85.9887704,2
聂荣,32.11370748,92.30865447,2
宁安,44.34698358,129.489368,0
宁波,29.86603305,121.6285725,3
宁波江北,29.89294838,121.5604213,3
宁城,41.60024515,119.350609,1
宁德,26.67224171,119.5545107,3
宁都,26.4759795,116.0154944,3
宁洱,23.05459018,101.0524425,3
宁国,30.63935223,118.9896098,3
宁海,29.29431744,121.4364318,3
宁河,39.33695643,117.8323933,0
宁化,26.26795649,116.6604255,3
宁江,45.17803944,124.8234225,0
宁津,37.65801875,116.8065376,0
宁晋,37.62561228,114.9255617,0
宁蒗,27.28772783,100.8585904,3
宁陵,34.46663403,115.3204184,0
宁明,22.14588484,107.0835238,3
宁南,27.06460507,102.7625264,3
宁强,32.8353802,106.2645886,3
宁陕,33.31655549,108.320564,0
宁武,39.02434238,112.3263982,0
宁县,35.50793297,107.9345709,0
宁乡,28.28410454,112.5584069,3
宁阳,35.7645391,116.8125785,0
宁远,25.57705194,111.9524534,3
农安,44.43890395,125.1914841,0
怒江,24.30277097,99.13965234,3
诺尔贡,32.70211123,119.3217277,3
瓯海,27.97285735,120.6214472,3
潘集,32.77795549,116.841581,3
攀枝花,26.58803317,101.7255412,3
攀枝花东区,26.58803317,101.7255412,3
攀枝花西区,26.58803317,101.7255412,3
盘锦,41.12587529,122.0774901,0
盘龙,25.12237228,102.7585262,3
盘山,41.24826368,122.0035604,0
盘县,25.71565126,104.4785818,3
磐安,29.06010318,120.4565131,3
磐石,42.9518175,126.0666163,0
炮台,40.24210833,116.8754218,1
沛县,34.76515196,116.9425856,0
蒲江,30.20250043,103.5125713,3
彭水,29.29946229,108.172578,3
彭阳,35.85540546,106.6445443,0
彭泽,29.902122,116.5555098,3
狮子山,30.32986576,103.2524319,3
蓬安,31.03463078,106.4184819,3
蓬江,22.60106579,113.0845464,3
蓬莱,37.81643873,120.7655615,0
蓬溪,30.76375144,105.7134461,3
邳州,34.34464552,118.0191233,0
皮山,37.62724871,78.28987106,2
新津,30.41636395,103.817433,3
偏关,39.44223009,111.5144735,1
平坝,26.41118647,106.2635838,3
平昌,31.56618581,107.1105931,3
平川,36.73349875,104.8316139,1
平顶山,33.77205075,113.1995286,0
平定,37.79279638,113.6644212,0
平度,36.78269225,119.9944143,0
平房,45.6038623,126.6435471,0
平谷,40.14695074,117.1273791,0
平桂,24.46200142,111.4784143,3
平果,23.33492274,107.5965711,3
平和,24.36836504,117.3225516,3
平湖,30.682241,121.0225753,3
平江,28.70756425,113.5876036,3
平乐,24.63963213,110.6494463,3
平利,32.39480412,109.3685467,3
平凉,35.54923205,106.6714423,0
平鲁,39.5173891,112.295525,1
平陆,34.84292515,111.2234805,0
平罗,38.91960683,106.5365185,1
平南,23.5455061,110.398452,3
平桥,32.10732539,114.1324074,3
平泉,41.02375563,118.7074267,1
平山,41.30160418,123.7746142,0
平顺,36.20598946,113.442517,0
平潭,25.50470027,119.7965013,3
平塘,25.82820171,107.3295666,3
平武,32.41468198,104.5354215,3
平乡,37.06909639,115.0365817,0
平阳,27.6677244,120.5725154,3
平遥,37.19560069,112.1824556,0
平邑,35.51201964,117.6465406,0
平阴,36.29486132,116.4626167,0
平舆,32.9679824,114.6254287,3
平原,37.17122146,116.4405047,0
平远,24.57241413,115.8974769,3
凭祥,22.10015259,106.7735236,3
屏边,22.98998959,103.6934318,3
屏南,26.91426492,118.9925962,3
屏山,28.83427497,104.3526753,3
萍乡,27.62839271,113.8614964,3
坡头,21.25037674,110.4625671,3
鄱阳,29.01145283,116.7105661,3
莆田,25.45986546,119.014521,3
蒲城,34.96127413,109.5924965,0
邛崃,30.4163986,103.4704811,3
蒲县,36.41800543,111.1024741,0
濮阳,35.76759303,115.0355975,0
浦北,22.27782233,109.5634229,3
浦城,27.92339005,118.5474391,3
浦东,30.88438682,121.4086477,3
浦江,29.45869285,119.8984361,3
浦口,32.06467928,118.6346041,3
普安,25.78995177,104.9595458,3
普定,26.30823345,105.7484857,3
普洱,22.83097919,100.9725698,3
普格,27.38199621,102.5465967,3
普兰,30.30016259,81.18309473,2
普兰店,39.39808915,121.9464598,0
普宁,23.30363452,116.172449,3
普陀,31.25497337,121.4035693,3
七里河,36.07212926,103.7924139,1
七台河,45.77630032,131.0115446,0
七星,25.25856709,110.3245381,3
栖霞,32.10260021,118.915423,3
戚墅堰,31.75849075,120.0137677,3
齐河,36.78994481,116.7693875,0
齐齐哈尔,47.35997719,123.9245709,0
祁东,26.80599526,112.0964474,3
祁连,38.18292487,100.2596216,1
祁门,29.86034395,117.7233926,3
祁县,37.36413128,112.3424424,0
祁阳,26.58643499,111.8474203,3
岐山,34.44977696,107.6274473,0
奇台,44.02689782,89.60108081,1
淇滨,35.74695255,114.3055912,0
淇县,35.62727702,114.2154897,0
綦江,29.03411375,106.6574842,3
蕲春,30.2325355,115.4423985,3
麒麟,25.50210183,103.8114304,3
杞县,34.55485678,114.7895921,0
启东,31.81423285,121.6634737,3
千山,41.08093861,122.9675742,0
千阳,34.6485446,107.1394662,0
迁安,40.00418392,118.7064574,0
迁西,40.14783715,118.320384,0
铅山,28.32150469,117.7164216,3
前郭,32.47965868,118.8180717,3
乾安,45.00843432,124.0475638,0
乾县,34.53401827,108.2453776,0
潜江,30.40835793,112.9054741,3
潜山,30.63675568,116.587611,3
黔东南,26.58970297,107.9894462,3
黔江,29.53881257,108.7775912,3
黔南,26.2606162,107.5284027,3
黔西,27.01434475,106.038574,3
黔西南,25.09396735,104.9124921,3
桥东,37.07374996,114.5134711,0
桥西,37.06617242,114.4743935,0
~口,30.58758434,114.2214603,3
谯城,33.88266309,115.7854719,0
巧家,26.91470504,102.9365193,3
且末,38.15138769,85.53599039,2
钦北,22.02036705,108.6385126,3
钦南,21.94597244,108.6645486,3
钦州,21.98659354,108.6605802,3
秦安,34.86487611,105.6815748,0
秦都,34.33514512,108.712432,0
秦淮,32.04513861,118.8004074,3
秦皇岛,39.9417481,119.6085306,0
秦州,34.58731574,105.7304155,0
沁水,35.69636446,112.1934262,0
沁县,36.76218994,112.705458,0
沁阳,35.09378573,112.9575169,0
沁源,36.50610335,112.344452,0
青白江,30.88442137,104.2575125,3
青川,32.58161686,105.2454071,3
青岛,36.0722275,120.3894552,0
青冈,46.71068498,126.1004889,0
青河,46.68019397,90.38944441,1
青龙,40.4127937,118.9564813,0
青龙山,23.01155889,113.3214576,3
青山,30.64659308,114.3914927,3
青山湖,28.68759601,115.9685524,3
青神,29.83705474,103.8535588,3
青田,28.14548756,120.2965733,3
青铜峡,38.02741222,106.0853703,1
青县,38.58846476,116.8105748,0
青秀,22.79222744,108.5014386,3
青羊,30.68003781,104.0674455,3
青阳,30.64563435,117.8534313,3
青原,27.08766254,115.0215607,3
青云谱,28.62723574,115.9314162,3
青州,36.69041651,118.4865367,0
清城,23.70402204,113.0694766,3
清丰,35.89130817,115.1104719,0
清河,37.0463754,115.6743936,0
清河门,41.78931855,121.4224789,0
清涧,37.09485289,110.1275592,0
清流,26.18335735,116.8235932,3
清浦,43.87858112,126.5403153,0
清水河,39.92633385,111.6535765,1
清新,23.75427034,112.9915578,3
清徐,37.61306684,112.3645576,0
清原,42.10676099,124.9303603,0
清远,23.68823029,113.0624683,3
清苑,38.77100177,115.4966059,0
清镇,26.5619879,106.4775226,3
晴隆,25.8410479,105.2254836,3
庆安,46.88574447,127.5146122,0
庆城,36.02172636,107.8884062,0
庆阳,35.71521598,107.6493857,0
庆元,27.62543178,119.0694869,3
庆云,37.78158532,117.3914524,0
双流,30.58039935,103.9303915,3
琼结,29.03086558,91.69010078,2
琼山,20.00915064,110.3605261,3
丘北,24.0569939,104.1734417,3
邱县,36.81736242,115.1933952,0
渠县,30.84229928,106.979583,3
衢江,28.98623791,118.9655391,3
衢州,28.9755458,118.8665967,3
曲阜,35.58737229,116.993416,0
曲江,24.68840785,113.6115011,3
曲靖,25.49640693,103.8024348,3
曲麻莱,34.13229867,95.80375001,2
曲水,29.35898706,90.74995867,2
曲松,29.06842482,92.21017466,2
曲沃,35.64732734,111.4823964,0
曲阳,38.6283841,114.7514548,0
曲周,36.77154483,114.9634044,0
全椒,32.0919398,118.2805843,3
全南,24.74820635,114.5365824,3
全州,25.93434303,111.079569,3
泉港,25.13965039,118.922433,3
泉山,34.24994287,117.2005905,0
泉州,24.87995233,118.6824463,3
确山,32.80817569,114.032495,3
壤塘,32.27109332,100.9855835,2
让胡路,46.65807846,124.8775988,0
饶河,46.80418274,134.0204689,0
饶平,23.67034711,117.0104492,3
饶阳,38.24103753,115.7325716,0
仁布,29.23678833,89.84862497,2
仁和,26.50401949,101.74445,3
仁化,25.09228752,113.7554429,3
仁怀,27.79775216,106.4075266,3
仁寿,30.00166398,104.1404769,3
任城,35.49373064,116.5544699,0
任丘,38.71734863,116.1056051,0
任县,37.12672678,114.678606,0
日喀则,29.27565782,88.89370303,2
日喀则地,29.27565782,88.89370303,2
日土,33.38718604,79.73910914,2
日照,35.422839,119.5334154,0
荣昌,29.4113074,105.6014198,3
荣成,37.17131794,122.4925046,0
荣县,29.45098672,104.4238747,3
容城,39.04855944,115.8686313,0
容县,22.8636656,110.5645302,3
榕城,23.53074642,116.3735159,3
榕江,25.93772537,108.5275537,3
融安,25.23051145,109.4045633,3
融水,25.0720765,109.2625608,3
如东,32.33587289,121.1924379,3
如皋,32.37785149,120.5794656,3
汝城,25.55605673,113.6915447,3
汝南,33.01314088,114.3694089,0
汝阳,34.15984336,112.4795033,0
汝州,34.17276779,112.8505497,0
乳山,36.92517736,121.5464286,0
乳源,24.78233332,113.2824314,3
芮城,34.69938811,110.7006115,0
瑞安,27.78395074,120.6615822,3
瑞昌,29.68195129,115.6874297,3
瑞金,25.89166627,116.0334207,3
瑞丽,24.02281689,97.86248558,3
润州,32.20149484,119.4184405,3
若尔盖,33.58437665,102.9743907,2
若羌,39.02899104,88.17532444,1
萨尔图,46.63893644,125.1335101,0
萨嘎,29.33465969,85.2398257,2
萨迦,28.90493151,88.02826949,2
赛罕,40.79839424,111.7084206,1
三都,25.9894795,107.8764293,3
三河,39.98809955,117.0845879,0
三江,25.78883039,109.6145475,3
三门,29.11035521,121.4025538,3
三门峡,34.77832725,111.2065332,0
三明,26.26973652,117.6455212,3
三山,31.22528012,118.2746021,3
三水,23.16192049,112.9034709,3
三穗,26.95866647,108.681545,3
三台,31.10158557,105.1014898,3
三峡,24.88559172,121.426873,3
三亚,18.25873629,109.5185567,3
三元,26.24021937,117.6144151,3
三原,34.62307896,108.9474465,0
桑日,29.26517584,92.02215725,2
桑植,29.40592322,110.1704134,3
色达,32.27433041,100.3394136,2
沙河,36.86112734,114.5094739,0
沙河口,38.91354429,121.5945067,0
沙坡头,37.50570142,105.2035709,1
沙湾,29.4192725,103.5564357,3
沙县,26.40281344,117.7985611,3
沙雅,41.22774933,82.78882374,1
沙洋,30.71531475,112.5954849,3
沙依巴克,43.80726235,87.60467003,1
莎车,38.42015675,77.25243671,2
厦门,24.48540661,118.0964355,3
山城,35.90336961,114.1906206,0
山丹,38.79045266,101.0956156,1
山海关,39.98444564,119.7824352,0
山南,29.24302694,91.77867514,2
山亭,35.10569198,117.4674432,0
山阳,35.22027235,113.2604837,0
山阴,39.5340305,112.8224319,0
陕县,34.7269148,111.1094507,0
汕头,23.35909172,116.6885286,3
汕尾,22.79126304,115.3815526,3
鄯善,42.87475923,90.22009389,1
商都,41.56756664,113.5846392,1
商河,37.31497072,117.1635298,0
商洛,33.87863385,109.9244179,0
商南,33.53753348,110.8884085,0
商丘,34.42020167,115.6624493,0
商水,33.54887748,114.6184159,0
商州,33.86885529,109.9474716,0
上蔡,33.26851122,114.2704869,0
上城,30.24839842,120.1755788,3
上甘岭,47.98091379,129.0304373,0
上高,28.23881549,114.9315412,3
上海,31.23592904,121.4805389,3
上杭,25.0555704,116.4264429,3
上街,34.80881861,113.3154973,0
上栗,27.88641569,113.8015382,3
上林,23.43851888,108.6114515,3
上饶,28.46062592,117.9494596,3
上思,22.15991408,107.9904426,3
上犹,25.7905188,114.5585486,3
上虞,30.03824297,120.8745099,3
尚义,41.08221564,113.9758094,1
尚志,45.21547394,128.0154882,0
韶关,24.81588128,113.6035273,3
韶山,27.92104375,112.5334993,3
邵东,27.26450747,111.7504907,3
邵武,27.34646997,117.4994195,3
邵阳,27.24527027,111.4744329,3
绍兴,30.03636931,120.5854785,3
社旗,33.06223669,112.9544935,0
射洪,30.87713852,105.3945095,3
射阳,33.78101359,120.2644456,0
涉县,36.59069166,113.6975843,0
申扎,30.93639329,88.71648111,2
莘县,36.23990712,115.6773969,0
深泽,38.1904512,115.2074037,0
深圳,22.54845664,114.0645518,3
深州,38.00694123,115.5663693,0
什邡,31.13288905,104.1744271,3
神池,39.09687582,112.2173828,0
神木,38.8485445,110.5054297,1
神农架,31.75049601,110.6825249,3
沈北,32.2686696,118.7189874,3
沈河,41.80227414,123.465461,0
沈丘,33.41569109,115.1054555,0
沈阳,41.68383007,123.4710966,0
沈阳铁西,41.80903783,123.383436,0
嵊泗,30.73127395,122.4575878,3
嵊州,29.56732699,120.8374373,3
师宗,24.82799497,103.9915563,3
狮泉河,32.50725082,80.09757157,2
大邑,30.5931554,103.5275298,3
施秉,27.03982205,108.1304398,3
施甸,24.728835,99.19546936,3
负,32.12255416,114.0655813,3
十堰,32.63506186,110.8045296,3
石城,26.31897235,116.3525943,3
石岛,31.28772566,121.4501863,3
石峰,27.88070517,113.1245679,3
石鼓,26.94896187,112.6045297,3
石拐,40.6782994,110.2783809,1
石河子,44.31197648,86.08688567,1
石家庄,38.04831193,114.5215319,0
石家庄桥东,38.05202892,114.5071485,0
石景山,39.91135381,116.2296127,0
石林,24.77770196,103.2965082,3
石龙,33.90475427,112.9054552,0
石楼,37.0044705,110.8415955,0
石门,25.26822575,121.5798554,3
石屏,23.71200445,102.5024466,3
石阡,27.51972206,108.2304639,3
石渠,32.98400342,98.10948062,2
石泉,33.04460211,108.2544268,0
石狮,24.73766516,118.654519,3
石首,29.72703398,112.4314198,3
石台,30.21653034,117.4923944,3
石柱,30.0061087,108.1204142,3
石嘴山,38.98968284,106.3906004,1
始兴,24.95855815,114.0685674,3
市北,36.09344959,120.3814045,0
市南,36.08146564,120.4185847,0
寿光,36.86192175,118.7974154,0
寿宁,27.46664966,119.511425,3
寿县,32.56154615,116.8055628,3
寿阳,37.90130761,113.1834102,0
舒城,31.46769201,116.9556017,3
舒兰,44.41227003,126.971377,0
疏附,39.38129156,75.86916867,1
疏勒,39.40670911,76.0566144,1
蜀山,31.85737822,117.2664608,3
沭阳,34.11745421,118.8104191,0
双柏,24.69489853,101.648407,3
双城,45.38811152,126.3196231,0
双峰,27.46298266,112.1814605,3
双湖,33.19350317,88.84342794,2
双江,23.4798365,99.83413098,3
双辽,43.52452738,123.5094378,0
崇州,30.63659589,103.6794334,3
双滦,40.96472915,117.8065783,1
双牌,25.96716924,111.6675938,3
双桥,40.98082448,117.9494279,1
双清,27.23910878,111.5034415,3
双塔,41.5717795,120.4604869,0
双台子,41.20607162,122.046393,0
双鸭山,46.6531859,131.1653417,0
双阳,43.53109131,125.6714479,0
水城,26.55371976,104.9645661,3
水富,28.63610698,104.422433,3
水磨沟,43.83825116,87.64889666,1
顺昌,26.79910437,117.8165193,3
顺德,22.81045343,113.3004534,3
顺河回族,34.80224136,114.3673917,0
顺平,38.84326137,115.1415974,0
顺庆,30.8027531,106.0984107,3
顺义,40.13635076,116.6614243,1
朔州,39.33710837,112.4393709,0
思茅,22.79249798,100.9835551,3
思明,24.4519484,118.088408,3
思南,27.94454788,108.2594173,3
四方台,46.60201229,131.3456574,0
四会,23.33238101,112.7405791,3
四平,43.17199357,124.3564816,0
四子王旗,41.53935335,111.7124193,1
泗洪,33.46573259,118.2224159,0
泗水,35.67060048,117.2574286,0
泗县,33.48869463,117.91659,0
泗阳,33.72832831,118.709466,0
松北,45.80859256,126.5164826,0
松江,31.03713518,121.2344796,3
松潘,32.66179656,103.6105797,2
松山,25.05327973,121.5874415,3
松桃,28.16042018,109.2094035,3
松溪,27.53255491,118.7914544,3
松阳,28.4550564,119.4885438,3
松原,45.14740419,124.8314819,0
松滋,30.17534224,111.7735803,3
嵩明,25.34440946,103.0435639,3
嵩县,34.14072156,112.0924082,0
苏家屯,41.67125364,123.3504346,0
苏仙,25.80673737,113.0484234,3
苏州,31.30356407,120.5924122,3
肃北,39.51832974,94.8836924,1
肃南,38.84310021,99.62190542,1
肃宁,38.42890592,115.8365177,0
肃州,39.75124551,98.51432185,1
睢宁,33.91878942,117.9474328,0
睢县,34.45161697,115.0784109,0
睢阳,34.39415192,115.6594759,0
濉溪,33.92162919,116.7723894,0
绥滨,47.29526546,131.8594865,0
绥德,37.50890729,110.2694265,0
绥芬河,44.41815437,131.1573922,0
绥化,46.66003218,126.9753569,0
绥江,28.60427793,103.9645524,3
绥棱,47.24251579,127.1205151,0
绥宁,26.58842272,110.1624199,3
绥阳,27.95308001,107.1974923,3
绥中,40.33184348,120.3504245,0
随州,31.69651677,113.38945,3
遂昌,28.59845468,119.2824354,3
遂川,26.31951728,114.5275621,3
遂宁,30.53909767,105.5994215,3
遂平,33.1519714,114.0194415,0
遂溪,21.38310296,110.2565153,3
孙吴,49.43145061,127.3423877,0
索县,31.89242431,93.79217296,2
塔城,46.75094825,82.98723552,1
塔河,52.34030508,124.7165125,0
塔中,49.06654729,124.0719658,0
台安,41.41859037,122.44255,0
台儿庄,34.56876322,117.7404255,0
台江,26.05852815,119.3205282,3
台前,35.97501271,115.8785682,0
台山,22.25792347,112.8004448,3
台中,24.16660115,120.6574238,3
台州,28.66219406,121.4274347,3
太白,34.06424844,107.3255291,0
太仓,31.46459935,121.1355953,3
太谷,37.42739558,112.5573841,0
太和,41.11510931,121.1104532,0
太湖,30.46011329,116.3154763,3
太华山,39.88414697,116.3344329,0
太康,34.07003838,114.8443839,0
太平,24.11815931,120.7836687,3
太仆寺,41.88320381,115.2895891,1
太原,37.87698903,112.5563915,0
太子河,41.2592539,123.1884566,0
泰安,36.20585804,117.0944948,0
泰和,26.79569734,114.9155911,3
泰来,46.39782929,123.4236263,0
泰宁,26.90566003,117.1825959,3
泰山,25.05911958,121.4268991,3
泰顺,27.56217056,119.7235373,3
泰兴,32.17747402,120.0585994,3
泰州,32.46067505,119.9295663,3
郯城,34.61922593,118.3735871,0
覃塘,23.13325109,109.4594267,3
汤旺河,48.46061439,129.5774742,0
汤阴,35.92764374,114.3634094,0
汤原,46.73532672,129.911645,0
唐河,32.68772066,112.8134244,3
唐山,39.63658372,118.1864595,0
唐县,38.75401993,114.9894471,0
塘沽,32.97146252,114.6415579,3
洮北,45.62752469,122.8575098,0
洮南,45.34113187,122.7944677,0
桃城,37.74163675,115.6813953,0
桃江,28.52387087,112.1625415,3
桃山,45.77179992,131.0264442,0
桃源,23.22808304,120.8617386,3
陶乐,22.97579699,113.9899809,3
特克斯,43.22424821,81.84258725,1
腾冲,25.02661686,98.49759504,3
滕州,35.12003481,117.1725652,0
藤县,23.38100992,110.9214993,3
天池,40.54823933,116.691566,1
天等,23.08750581,107.1494726,3
天峨,25.00566416,107.1784565,3
天河,23.13035784,113.3685094,3
天津,39.09366784,117.2095232,0
天门,30.66962183,113.1724092,3
天宁,31.78557027,119.9804632,3
天桥,36.68406787,116.9933992,0
天全,30.07247295,102.7645302,2
天山,43.80027136,87.63840778,1
天水,34.58741188,105.7314167,0
天台,29.14951438,121.0135534,3
天心,28.11821122,112.9965923,3
天涯,18.30691963,109.4624626,3
天元,27.83308352,113.0895406,3
天长,32.67341003,119.0113853,3
天镇,40.4264122,114.0974775,1
天柱,26.91580408,109.2144457,3
天祝,36.97759618,103.1486213,1
田东,23.6031298,107.1324994,3
田家庵,32.65332301,117.0234453,3
田林,24.30053461,106.2344979,3
田阳,23.74200572,106.9214126,3
调兵山,42.47373801,123.5735087,0
铁东,41.09633187,122.9973997,0
铁锋,47.34701886,123.9844157,0
铁干里克,40.47578693,87.83837633,1
铁力,46.99294862,128.0383649,0
铁岭,42.229948,123.7323652,0
铁山,30.21225083,114.9075714,3
铁山港,21.53529504,109.4284726,3
铁西,41.12547526,122.9754903,0
亭湖,33.39589349,120.2045782,0
通城,29.25085793,113.8235679,3
通川,31.2209318,107.5114471,3
通海,24.1178912,102.7324229,3
通河,45.99639259,128.7524163,0
通化,41.7338158,125.9466063,0
通江,31.91771435,107.2515168,3
通辽,43.65798008,122.2505218,0
通山,29.61263434,114.4893933,3
通渭,35.21721682,105.2484036,0
通许,34.4867718,114.4734359,0
通榆,44.81896374,123.0945208,0
通州,32.07035574,121.0814255,3
同安,24.72911398,118.1585635,3
同德,35.25985778,100.5854239,2
同江,47.64798068,132.5175095,0
同仁,35.52186515,102.0254378,2
同心,36.98626963,105.9205991,1
桐柏,32.38513075,113.4344727,3
桐城,31.04196904,116.9804664,3
桐庐,29.79858479,119.6975988,3
桐乡,30.63631119,120.5715432,3
桐梓,28.13946838,106.832489,3
铜川,34.90263708,108.9524042,0
铜鼓,28.52708346,114.3774111,3
铜官山,31.30885742,119.7602057,3
铜梁,29.85050878,106.0634495,3
铜陵,30.95123324,117.8184768,3
铜仁,27.73778646,109.1964389,3
铜山,34.18610045,117.1755696,0
潼关,34.55032685,110.2525076,0
潼南,30.19731424,105.847399,3
头道湖,30.47121991,114.4193697,3
头屯河,43.88265302,87.43450671,1
突泉,45.38783034,121.6005454,0
图们,42.9742835,129.8503815,0
吐鲁番,42.95698485,89.19729725,1
团风,30.64936777,114.8785244,3
屯留,36.32163084,112.8984748,0
屯溪,29.70214391,118.3214182,3
托克托,40.28314673,111.2005749,1
托克逊,42.79854583,88.66016436,1
托里,45.94274281,83.61290944,1
瓦房店,39.63274075,121.9856375,0
湾里,28.72019538,115.7375956,3
宛城,33.00987004,112.5464542,0
万安,26.46407284,114.7925772,3
万柏林,37.86497441,112.5225768,0
万年,28.70005405,117.0645989,3
万全,40.77314965,114.7474258,1
万荣,35.4211088,110.8445761,0
万山,27.52464785,109.2204562,3
万盛,30.75750975,121.3464306,3
万秀,23.47884577,111.3275197,3
万源,32.08742085,108.0415407,3
万载,28.11213331,114.4525365,3
万州,30.81362164,108.4155584,3
汪清,43.31845083,129.7776088,0
王益,35.0753221,109.0814174,0
旺苍,32.23509738,106.2964912,3
望城,28.36740302,112.8244661,3
望都,38.70015765,115.1615876,0
望花,41.85903036,123.7906042,0
望江,30.12996833,116.7005903,3
望奎,46.8391676,126.4923849,0
望谟,25.18435492,106.1064446,3
威海,37.51643055,122.127541,0
威宁,26.87924719,104.2594806,3
威县,36.98158161,115.2736176,0
威信,27.85253746,105.0555768,3
威远,29.53363493,104.6744982,3
微山,34.8133151,117.1354138,0
巍山,25.23343873,100.3134603,3
围场,41.94432377,117.7665643,1
涠洲岛,21.04273772,109.1145118,3
维西,24.07392945,115.6153416,3
潍城,36.73285442,119.0314285,0
潍坊,36.71265155,119.1683779,0
卫滨,35.30845921,113.8724388,0
卫东,33.74037565,113.3416111,0
卫辉,35.40406888,114.0716009,0
未央,34.29914811,108.9534012,0
尉犁,41.35012278,86.26603654,1
尉氏,34.41722801,114.1995612,0
渭滨,34.37748113,107.1564192,0
渭城,34.36811023,108.7434506,0
渭南,34.50571552,109.5165896,0
渭源,35.14239196,104.221584,0
蔚县,39.84708864,114.5954006,0
魏都,34.05325075,113.8375407,0
魏县,36.36615645,114.9454504,0
温江,30.68848684,103.8635731,3
温岭,28.37765549,121.3925889,3
温县,34.94613549,113.0865691,0
温宿,41.28256725,80.24556435,1
温州,28.0010854,120.7064769,3
文安,38.87895049,116.4646095,0
文成,27.79321715,120.0974885,3
文登,37.20011333,122.0644284,0
文峰,36.09683275,114.363374,0
文山,23.40599429,104.222569,3
文圣,41.28999874,123.2380035,0
文水,37.44430008,112.0355987,0
文县,32.94960128,104.6895584,3
闻喜,35.3629312,111.2314104,0
汶川,31.48300532,103.5965179,2
汶上,35.71705539,116.5054411,0
翁牛特,21.44286853,110.7503822,3
翁源,24.35659449,114.1364272,3
瓮安,27.0841256,107.4775522,3
涡阳,33.49856684,116.221609,0
卧龙,32.9924838,112.5414618,3
乌达,39.51146892,106.7326064,1
乌当,26.63652914,106.757558,3
乌尔禾,46.09529518,85.70030483,1
乌海,39.66200636,106.800391,1
乌后旗,41.69622229,118.0334481,1
乌拉盖,39.98681978,116.5010796,0
乌兰察布,41.00074833,113.1394677,1
乌兰浩特,46.07865434,122.0996224,0
乌鲁木齐,43.8307632,87.62443994,1
乌马河,47.73361851,128.8055464,0
乌恰,39.72512359,75.26533363,1
乌什,41.22087111,79.23086899,1
乌市牧试站,25.88186097,112.6612793,3
乌苏,44.42404803,84.72008815,1
乌伊岭,48.59616913,129.4445767,0
乌中旗,32.09152461,118.8958735,3
巫山,31.08051881,109.8855455,3
巫溪,31.40488001,109.5764026,3
无棣,37.77756731,117.6324575,0
无极,38.18543617,114.9824393,0
无为,31.30884416,117.9085785,3
无锡,31.49880973,120.3185833,3
芜湖,31.35853666,118.4394314,3
吴堡,37.45826987,110.746455,0
吴川,21.44726277,110.7864503,3
吴江,31.14464419,120.6515672,3
吴起,36.9325761,108.1825897,0
吴桥,37.63390876,116.3973921,0
吴兴,30.86295545,120.1916047,3
吴中,31.26826145,120.6385075,3
吴忠,38.00371291,106.2053713,1
梧州,23.48274528,111.2855168,3
五常,44.93784286,127.1735288,0
五大连池,48.52260955,126.2115552,0
五峰,30.17115615,111.0525806,3
五河,33.13270946,117.8875609,0
五华,25.04983496,102.7134233,3
五莲,35.7556971,119.2155804,0
五台,38.73418159,113.2614511,0
五台山,30.39680198,104.5344459,3
五通桥,29.41318501,103.8244551,3
五营,48.11427128,129.2513495,0
五原,41.09445482,108.2734914,1
五寨,38.91701991,111.8534099,0
伍家岗,30.65073734,111.3674223,3
武安,36.70248829,114.2105161,0
武昌,30.55956698,114.3225485,3
武城,37.21922208,116.0755063,0
武川,41.10241872,111.4574971,1
武定,25.53608959,102.4105318,3
武都,33.39807219,104.9325934,0
武冈,26.73289857,110.6384076,3
武功,34.26613767,108.2065511,0
武汉,30.59846674,114.3115816,3
武侯,30.64871269,104.0494245,3
武江,24.79848603,113.5945558,3
武进,31.70644661,119.9486117,3
武陵,29.06078348,111.6895449,3
武陵源,29.35168114,110.5574989,3
武隆,29.33202687,107.7664252,3
武鸣,23.16451561,108.2815165,3
武宁,29.26235215,115.1074418,3
武平,25.10085517,116.1075892,3
武强,38.04685681,115.9896139,0
武清,39.38987123,117.0505972,0
武山,34.7276691,104.8974284,0
武胜,30.35549566,106.3024617,3
武威,37.93437781,102.6445543,1
武乡,36.84316795,112.8706056,0
武宣,23.6004042,109.6694422,3
武穴,29.85044143,115.5673922,3
武夷山,27.76255391,118.0415772,3
武义,28.89824379,119.8225656,3
武邑,37.80776428,115.8945136,0
武陟,35.10583845,113.4083958,0
舞钢,33.29943111,113.5314103,0
舞阳,33.4435778,113.61549,0
务川,28.56907711,107.9054563,3
婺城,29.09177544,119.5785926,3
婺源,29.25403905,117.868445,3
西安,34.34726882,108.9464656,0
西安区,42.93330842,125.1553733,0
西昌,27.9005809,102.2714838,3
西城,39.91812361,116.3725136,0
西充,31.00068802,105.9076114,3
西畴,23.44327128,104.6785254,3
西丰,42.74401444,124.7336151,0
西峰,35.73686448,107.6573911,0
西岗,38.92047269,121.6186251,0
西工,34.66676785,112.4343995,0
西固,36.09410937,103.6345801,1
西和,34.01678736,105.3076105,0
西湖,28.66197671,115.8835357,3
西华,33.77321533,114.5355967,0
西吉,35.97007642,105.7353859,0
西林,47.4863931,129.3195941,0
西陵,30.71674935,111.2925597,3
西盟,22.65065601,99.59662215,3
西宁,36.6233847,101.7844502,1
西平,33.393861,114.0274736,0
西青,39.14872661,117.0144102,0
西塞山,30.21069518,115.1164814,3
西山,25.04319876,102.6715571,3
西市,24.14672271,120.6749923,3
西乌旗,40.7866237,113.2139268,1
西峡,33.31331612,111.4803981,0
西夏,38.49681747,106.1565812,1
西乡,32.98939744,107.7733928,3
西乡塘,22.83965151,108.3195724,3
西秀,26.25149766,105.9724063,3
昔阳,37.61788404,113.7136129,0
息烽,27.09647527,106.7475618,3
息县,32.34895551,114.7474531,3
浠水,30.45746084,115.271569,3
淅川,33.14418526,111.497432,0
锡林高勒,43.60726929,116.5491125,1
锡林郭勒,37.10778222,114.498206,0
锡林浩特,43.9383338,116.0936139,1
锡山,31.59476163,120.3634257,3
溪湖区,41.33480293,123.7746105,0
歙县,29.86628768,118.4214601,3
习水,28.33911789,106.203428,3
隰县,36.69906138,110.9475913,0
喜德,28.31270983,102.4195672,3
细河,42.03187125,121.6863923,0
峡江,27.58823462,115.3224032,3
霞浦,26.89134887,120.0114271,3
霞山,21.19822719,110.4044254,3
下城,30.28674405,120.1876069,3
下关,22.94981215,113.3739001,3
下花园,40.50814518,115.2935169,1
下陆,30.18004616,114.9674159,3
夏河,35.20832433,102.5285771,2
夏津,36.95415486,116.0085341,0
夏县,35.14746178,111.2264315,0
夏邑,34.24352347,116.1375124,0
仙居,28.85322569,120.7354352,3
仙桃,30.33358775,113.4496094,3
仙游,25.3682915,118.6984543,3
咸安,29.85815392,114.3045699,3
咸丰,29.67107765,109.1466077,3
咸宁,29.84705595,114.3285191,3
咸阳,34.33547629,108.7154225,0
献县,38.19598144,116.12956,0
乡城,28.93673348,99.80505957,2
乡宁,35.97644167,110.8534979,0
芗城,24.51626842,117.6605895,3
相城,31.37468992,120.6485659,3
相山,33.96582716,116.8005211,0
香坊,45.71361965,126.6696243,0
香格里拉,27.83576013,99.70744457,2
香河,39.76793919,117.0124021,0
香洲,22.27300386,113.5504724,3
湘东,27.64587507,113.7404997,3
湘桥,23.68068698,116.6344616,3
湘潭,27.83570223,112.9504642,3
湘乡,27.74019055,112.5414916,3
湘阴,28.67667638,112.8895219,3
襄城,32.01617462,112.1405721,3
襄汾,35.88206267,111.4485401,0
襄阳,32.0147968,112.1285372,3
襄阳襄城,32.01617462,112.1405721,3
襄垣,36.54168582,113.0574126,0
襄州,32.09337578,112.2184341,3
镶黄旗,42.23766129,113.8545054,1
祥云,25.48987251,100.5574466,3
响水,34.204743,119.5846011,0
向阳,47.34858089,130.300468,0
项城,33.47300744,114.881514,0
象山,25.26793001,110.2874227,3
象州,23.97968099,109.7114622,3
萧山,30.18751122,120.2704706,3
萧县,34.19426934,116.9535849,0
V亭,30.53646598,111.4415738,3
小店,37.74232253,112.5723962,0
小二沟,27.51197924,107.6319789,3
小河,31.26132656,103.675137,2
小金,31.0022087,102.3694264,2
小渠子,43.5543171,87.11565793,1
孝昌,31.26454049,114.0044086,3
孝感,30.93068923,113.9225101,3
孝南,30.92297793,113.9174899,3
孝义,37.15106332,111.785606,0
谢家集,32.60625459,116.8654389,3
谢通门,29.43814241,88.2682068,2
辛集,37.94930904,115.2244508,0
忻城,24.07188864,108.6725624,3
忻府,38.40987982,112.7526137,0
忻州,38.42238339,112.7406242,0
新安,34.73438333,112.1406097,0
新北,25.01521092,121.4762083,3
新宾,41.73996878,125.0463562,0
新蔡,32.75526887,114.9924693,3
新昌,29.50554108,120.9105697,3
新都,30.82940747,104.1653928,3
新丰,24.06554651,114.2135117,3
新抚,41.86780586,123.9195823,0
新干,27.74608095,115.3935947,3
新河,37.5345906,115.2485472,0
新华,38.32036672,116.8724332,0
新化,23.04130688,120.3214676,3
新晃,27.35878297,109.1814715,3
新会,22.46511306,113.0384548,3
新建,28.69874863,115.8214509,3
新绛,35.6226301,111.2314065,0
新界,39.99881449,116.3465526,0
郫县,30.79953765,103.9054457,3
新乐,38.34929265,114.6905322,0
新林,29.74565599,121.5172487,3
新龙,30.94546953,100.3183982,2
新罗,25.10407763,117.0435429,3
新密,34.54589798,113.3973909,0
新民,42.00710932,122.8753951,0
新宁,26.4397237,110.8634907,3
新平,24.07626271,101.9964277,3
新浦,31.60170472,121.1793484,3
新青,48.29613466,129.5406468,0
新邱,42.09393451,121.7993634,0
新荣,40.26197122,113.1464437,1
新邵,27.32713174,111.4644494,3
新市,23.08658697,120.3028666,3
新泰,35.91461987,117.7746062,0
新田,25.9098258,112.2104092,3
新县,31.64973847,114.8855248,3
新乡,35.30963993,113.9336005,0
新兴,22.63300066,120.3172186,3
新野,32.52663178,112.3665496,3
新沂,34.37561095,118.3615365,0
新余,27.8235787,114.9235347,3
新源,43.435927,83.2670223,1
新郑,34.40176638,113.7464345,0
新洲,30.84724387,114.8075434,3
信丰,25.39197512,114.9295211,3
信阳,32.15301455,114.0974828,3
信宜,22.36009314,110.9535817,3
信州,28.43762831,117.9734118,3
星子,23.78779728,113.1834126,3
邢台,37.07668595,114.5114623,0
邢台桥西,37.07022875,114.5167168,0
兴安,47.25871627,130.2455457,0
兴安盟,46.08846371,122.0443645,0
兴宾,23.73321104,109.2414991,3
兴城,40.61655566,120.7645585,0
兴国,26.34388259,115.3695517,3
兴海,35.59462988,99.99438007,2
兴和,40.8793418,113.8405789,1
兴化,32.91782421,119.8575141,3
兴隆,40.42345403,117.5074274,0
兴隆台,41.16449943,122.0764985,0
兴宁,22.86029095,108.375445,3
兴平,34.30547652,108.496394,0
兴庆,38.47957893,106.2954938,1
兴仁,25.44089875,105.1925677,3
兴山,47.39604538,130.3173636,0
兴文,28.30990488,105.2424023,3
兴县,38.46880378,111.1343921,0
兴业,22.74226765,109.8815518,3
兴义,25.09811331,104.9024609,3
杏花岭,37.90018625,112.576383,0
雄县,39.00018012,116.1146014,0
休宁,29.795459,118.2054301,3
修水,29.03117587,114.553568,3
修文,26.84486245,106.5984922,3
修武,35.22932348,113.4545819,0
宿城,33.96867763,118.2495671,0
宿迁,33.96774972,118.281574,0
宿松,30.15978686,116.1355237,3
宿豫,33.9548044,118.3364009,0
宿州,33.65209533,116.9705439,0
秀峰,25.27961849,110.2704367,3
秀山,28.45344786,109.0135739,3
秀英,20.01364239,110.3004359,3
秀屿,25.3236544,119.1115713,3
秀屿港,25.22552671,118.9975334,3
秀洲,30.77020721,120.7154371,3
岫岩,40.2958924,123.2875468,0
盱眙,33.01825474,118.5514413,0
徐家汇,31.19809085,121.4440131,3
徐水,39.02471258,115.6624795,0
徐闻,20.33172369,110.1824727,3
徐州,34.21266655,117.2905754,0
徐州鼓楼,34.29376008,117.1925787,0
许昌,34.04143161,113.8584755,0
叙永,28.161786,105.451175,3
溆浦,27.91396337,110.6015511,3
宣城,30.94660155,118.7655342,3
宣恩,29.99260392,109.497568,3
宣汉,31.35975482,107.7335336,3
宣化,40.61459189,115.1054444,1
宣威,26.22559838,104.1115761,3
宣州,30.95215816,118.7625494,3
玄武,32.05475668,118.8044126,3
薛城,34.80112457,117.2694576,0
旬阳,32.83986422,109.3715567,3
旬邑,35.11796392,108.340467,0
寻甸,25.56389358,103.2635739,3
寻乌,24.96944655,115.6535153,3
浔阳,29.73309375,115.9965581,3
循化,35.85666722,102.4953853,2
逊克,49.56949144,128.4855846,0
牙克石,49.29202369,120.7183468,1
崖州,18.44463053,109.2284612,3
都江堰,30.99425689,103.6535336,3
雅江,30.03756897,101.0205004,2
亚东,27.49110878,88.91344078,2
烟台,37.47003838,121.4544154,0
焉耆,42.06485086,86.58122203,1
鄢陵,34.1088817,114.1846377,0
延安,36.59111104,109.4965819,0
延川,36.88413696,110.2005403,0
延吉,42.91271701,129.5205201,0
延津,35.14780651,114.2115118,0
延平,26.64380779,118.1884506,3
延庆,40.46216897,115.9816316,1
延寿,45.4576412,128.3386058,0
延长,36.5853288,110.0184717,0
炎陵,26.49606069,113.7794188,3
沿河,28.57010168,108.5104775,3
沿滩,29.27879721,104.8804091,3
盐边,26.68876748,101.8604985,3
盐城,33.35510092,120.1675443,0
盐池,37.78929565,107.4133795,1
盐都,33.34402032,120.1605033,0
盐湖,35.02142533,111.0043771,0
盐津,28.11438404,104.2415788,3
盐山,38.0643184,117.2374136,0
盐田,22.56343791,114.2434302,3
盐亭,31.21431876,105.3955032,3
盐源,27.42815487,101.5154291,3
阎良,34.66836327,109.2324631,0
兖州,35.55795237,116.7901152,0
郾城,33.59341588,114.0133939,0
偃师,34.73379662,112.7964214,0
砚山,23.61148658,104.3435509,3
雁峰,26.8465394,112.6204111,3
雁山,25.06621354,110.3154793,3
雁塔,34.22063524,108.9514405,0
扬中,32.24296719,119.8035196,3
扬州,32.40067694,119.4194189,3
阳城,35.49218132,112.4214538,0
阳春,22.17601481,111.7975361,3
阳东,21.87399684,112.0185795,3
阳高,40.36739184,113.7554142,1
阳谷,36.12081551,115.7983956,0
阳江,21.86433973,111.9884893,3
阳明,44.60177503,129.6425274,0
阳曲,38.06462082,112.679409,0
阳泉,37.86236085,113.5876167,0
阳山,24.47094364,112.6475195,3
阳朔,24.78451919,110.503475,3
阳西,21.75870063,111.6244811,3
阳新,29.83654181,115.2214268,3
阳信,37.64733803,117.584437,0
阳原,40.10958839,114.1575241,1
杨陵,34.27801251,108.0915153,0
洋县,33.22886259,107.5524643,0
漾濞,25.67629576,99.96441376,3
尧都,36.08456223,111.5864302,0
姚安,25.50977544,101.2485272,3
瑶海,31.86378694,117.315587,3
耀州,34.91596031,108.9864379,0
叶城,37.88916684,77.42009762,2
叶县,33.63249167,113.3635824,0
伊川,34.4276458,112.4324075,0
伊春,47.73331846,128.8475464,0
伊克乌素,38.45276118,108.2157467,1
伊宁,43.91529944,81.28424241,1
伊通,43.35110367,125.3114846,0
伊吾,43.26067653,94.70382567,1
依安,47.89948365,125.3124822,0
依兰,46.33126029,129.5745197,0
黟县,29.93104733,117.9444772,3
仪陇,31.27759736,106.3094302,3
仪征,32.27809048,119.1914671,3
夷陵,30.77483333,111.3325297,3
沂南,35.55609767,118.4714915,0
沂水,35.79618058,118.6346173,0
沂源,36.19091699,118.1774894,0
宜宾,28.75800703,104.6494037,3
宜昌,30.69744648,111.2925492,3
宜城,31.72546973,112.2646114,3
宜川,36.05639744,110.1754131,0
宜春,27.82085642,114.4235637,3
宜都,30.38440427,111.4565158,3
宜丰,28.40037331,114.8095171,3
宜黄,27.56056346,116.2425417,3
宜君,35.40458219,109.1235367,0
宜良,24.92528699,103.147558,3
宜兴,31.34295662,119.831606,3
宜秀,30.61967588,116.9934411,3
宜阳,34.54104694,112.1794654,0
宜章,25.40571397,112.9554792,3
宜州,24.49108437,108.6435316,3
彝良,27.63169017,104.054443,3
弋江,31.31756627,118.3795797,3
弋阳,28.384082,117.4555064,3
义马,34.75302801,111.8805148,0
义乌,29.31114988,120.081581,3
义县,41.53893886,121.2455685,0
易门,24.67740448,102.1695355,3
易县,39.35505447,115.5036066,0
峄城,34.77859987,117.5963906,0
驿城,32.97951987,114.000387,3
益阳,28.55971118,112.361516,3
翼城,35.74442908,111.7253755,0
殷都,36.11575826,114.3095976,0
银川,38.49246006,106.2384936,1
银海,21.45476867,109.1465448,3
银州区,42.29257368,123.8483864,0
印江,27.99982325,108.4165917,3
印台,35.12085928,109.1064341,0
英德,24.19193936,113.421443,3
英吉沙,38.93567086,76.18207543,1
英山,30.74135008,115.6874216,3
鹰潭,28.26578706,117.0755754,3
迎江,30.51752329,117.0975145,3
迎泽,37.86953248,112.5693847,0
荥经,29.79919351,102.8534355,3
荥阳,34.7938105,113.3894228,0
盈江,24.71153427,97.93842654,3
营口,40.67313684,122.2415747,0
营山,31.08300297,106.572408,3
颍东,32.91736224,115.8636167,3
颍泉,32.93131358,115.8154256,3
颍上,32.65902847,116.2634769,3
颍州,32.88962542,115.8134112,3
应城,30.93397651,113.5795674,3
应县,39.56007785,113.1974935,0
邕宁,22.76460045,108.4934202,3
永安,22.82604842,120.2382098,3
永昌,38.25294096,101.9794636,1
永城,33.93480148,116.4555661,0
永川,29.36204634,105.9334994,3
永春,25.3279742,118.3004861,3
永德,24.02487128,99.26507564,3
永登,36.74209521,103.2666244,1
永定,29.12619056,110.5444319,3
永丰,27.3243421,115.4474024,3
永福,24.98557797,109.9895908,3
永和,25.01231493,121.5310242,3
永吉,43.67872068,126.5044157,0
永济,34.87282971,110.4545777,0
永嘉,28.15645033,120.6885241,3
永靖,35.9633303,103.2925075,2
永康,23.0309091,120.2647294,3
永年,36.74756939,114.5506251,0
永宁,38.28300154,106.2596046,1
永平,25.47020648,99.5474949,3
永清,39.327853,116.5054293,0
永仁,26.05556575,101.672493,3
永善,28.23472248,103.644569,3
永胜,26.68995025,100.7575814,3
永寿,34.69803554,108.1484688,0
永顺,28.98577449,109.8635858,3
永泰,25.87278726,118.9384307,3
永新,26.95153726,114.2494149,3
永兴,26.13296848,113.1225332,3
永修,29.02800562,115.8154066,3
永州,26.42586412,111.6194551,3
桥,33.64613065,116.9834804,0
攸县,27.00577157,113.3515783,3
尤溪,26.17621804,118.1974397,3
游仙,31.47990447,104.772429,3
友好,47.8464361,128.8425795,0
友谊,46.77297322,131.8145949,0
酉阳,28.84704026,108.774586,3
右江,23.9070845,106.6255891,3
右玉,39.99485956,112.4735001,1
于都,25.95789394,115.4214993,3
于洪,41.79966826,123.314633,0
于田,36.86295414,81.68378291,2
余干,28.70786624,116.701601,3
余杭,30.42473927,120.3065922,3
余江,28.21535376,116.8245936,3
余庆,27.22137903,107.9114602,3
余姚,30.04273464,121.1605851,3
盂县,38.09197963,113.4184205,0
鱼峰,24.3185217,109.4494163,3
鱼台,35.01788772,116.6573928,0
渝北,29.72392734,106.6375591,3
渝水,27.80683965,114.9514239,3
榆次,37.70394049,112.7145035,0
榆林,38.29088384,109.741616,1
榆社,37.07636967,112.9815986,0
榆树,44.84543973,126.5396094,0
榆阳,38.28241963,109.7275592,1
榆中,35.84885105,104.1195659,0
虞城,34.4053315,115.834473,0
彭州,30.995564,103.9655614,3
雨湖,27.86246679,112.9134496,3
雨花,28.14223271,113.0424216,3
雨花台,31.99785881,118.7854454,3
雨山,31.68774548,118.5055971,3
禹城,36.94024201,116.6443711,0
禹会,32.93530999,117.3484524,3
禹王台,34.78347211,114.3543978,0
禹州,34.14826652,113.4952236,0
玉环,28.14186299,121.238513,3
玉林,22.65983051,110.1884531,3
玉门,40.29762002,97.05171169,1
玉屏,27.24855788,108.9205635,3
玉泉,40.75805897,111.6815751,1
玉山,28.68774969,118.2515629,3
玉树,33.01097959,97.01318076,2
玉田,39.90659235,117.7454344,0
玉溪,24.35771094,102.5535603,3
玉州,22.63449274,110.1574314,3
郁南,23.24017404,111.5415538,3
裕安,31.74362587,116.4865498,3
裕华,38.01208769,114.5375829,0
裕民,46.20745355,82.9894387,1
元坝,33.62741963,107.0089265,0
元宝,40.14225146,124.402584,0
元宝山,42.04512472,119.2954045,1
元江,23.60300091,102.0044146,3
元谋,25.71089532,101.8804452,3
元阳,23.22619805,102.8414328,3
沅江,28.85023359,112.3605322,3
沅陵,28.4590181,110.4004308,3
垣曲,35.30301452,111.6766067,0
袁州区,27.80258271,114.4345612,3
原平,38.7364759,112.7174871,0
原阳,35.07116386,113.9466237,0
源城,23.74029834,114.708439,3
源汇,33.57842326,113.9904135,0
远安,31.06662784,111.6465304,3
月湖,28.24507833,117.0435476,3
岳池,30.54411986,106.4464106,3
岳麓,28.24148884,112.9374476,3
岳普湖,39.23938733,76.78414772,1
岳塘,27.87772051,112.9755894,3
岳西,30.85522771,116.3665554,3
岳阳,29.36317829,113.1354894,3
岳阳楼,29.37799504,113.1364807,3
越城,29.99530996,120.5884367,3
越西,28.64582756,102.5144745,3
越秀,23.13526012,113.2734265,3
云安,23.07689261,112.0095631,3
云城,22.9338978,112.0505292,3
云浮,22.92091197,112.0515127,3
云和,28.12146951,119.5795974,3
云龙,34.25908669,117.2584239,0
云梦,31.02721822,113.7594122,3
云溪,29.47990714,113.2784066,3
云县,24.44280728,100.129531,3
云霄,23.96407283,117.3464483,3
云岩,26.61038108,106.7305348,3
云阳,30.93661127,108.7034475,3
郧西,32.99916701,110.4324726,3
郧阳,32.84059241,110.8185765,3
运城,35.03270691,111.0133895,0
运河,38.31652274,116.838612,0
郓城,35.60590232,115.9504506,0
杂多,32.89924068,95.30696488,2
赞皇,37.67166706,114.3924635,0
枣强,37.51936369,115.7305629,0
枣阳,32.13472991,112.7784708,3
枣庄,34.81599405,117.3305419,0
枣庄市中,34.81599405,117.3305419,0
泽库,35.0420145,101.4735945,2
泽普,38.19072552,77.26655942,2
泽州,35.59976973,112.7944012,0
增城,23.2665924,113.8175457,3
扎赉诺尔,49.46777018,117.6945323,1
扎兰屯,48.01995552,122.7444537,0
扎鲁特,43.6316951,122.272451,0
扎囊,29.25116432,91.34362713,2
札达,31.48534307,79.80932321,2
柞水,33.69202624,109.1205023,0
沾化,37.70529811,118.1054544,0
沾益,25.6066308,103.8284853,3
站前,40.67876413,122.2654374,0
湛河,33.68579017,113.2505147,0
湛江,21.27672344,110.3655544,3
张北,41.16494362,114.7263751,1
张店,36.81194195,118.0245911,0
张家川,34.99490501,106.2113904,0
张家港,31.88114054,120.5615536,3
张家界,29.12281556,110.4855325,3
张家界永定,29.12619056,110.5444319,3
张家口,40.7732372,114.8925722,1
张家口桥东,40.79426844,114.9006058,1
张家口桥西,40.8256057,114.8765161,1
张湾,32.65839955,110.7754241,3
章贡,25.82374701,114.9275509,3
章丘,36.68553275,117.5325654,0
彰武,42.39270653,122.5454493,0
漳平,25.2957435,117.4265563,3
漳浦,24.12346161,117.6204434,3
漳县,34.85424998,104.4785953,0
漳州,24.51892979,117.6535765,3
樟树,28.06215312,115.5524189,3
长安,38.04325614,114.5456116,0
长白,41.42589581,128.2075842,0
长春,43.8219535,125.3306021,0
长岛,37.92762839,120.7434298,0
长丰,32.48372262,117.1735601,3
长葛,34.20153875,113.8206576,0
长海,39.27827022,122.5946265,0
长乐,25.96925745,119.5294383,3
长岭,44.28163828,123.9743741,0
长宁,31.22684797,121.4304544,3
长清,36.56021588,116.7583871,0
长沙,28.2348894,112.9454732,3
长寿,29.86352007,107.0875311,3
长顺,26.02845455,106.4584212,3
长泰,24.63124363,117.7655526,3
长汀,25.83918462,116.363568,3
长武,35.21165734,107.8055608,0
长兴,31.03257933,119.9174983,3
长阳,30.47864578,111.2135071,3
长垣,35.20719822,114.6756099,0
长治,36.20126837,113.1225589,0
长治郊,36.20126837,113.1225589,0
长洲,23.49150958,111.2814991,3
长子,36.12800156,112.8845659,0
招远,37.36113714,120.4406017,0
昭觉,28.02050627,102.8494228,3
昭平,24.17510605,110.8175749,3
昭苏,43.16349674,81.13737754,1
昭通,27.34408386,103.7235118,3
昭阳,27.32614421,103.7134704,3
召陵,33.59246754,114.1004666,0
诏安,23.71705396,117.1825586,3
赵县,37.76185852,114.7825966,0
肇东,46.05693829,125.9685374,0
肇庆,23.05288877,112.4714889,3
肇源,45.52415291,125.0845726,0
肇州,45.70510799,125.2753682,0
柘城,34.09736021,115.3124346,0
柘荣,27.23996188,119.9074567,3
贞丰,25.39212397,105.6565596,3
浈江,24.81041375,113.6174774,3
振安,40.16469703,124.4343869,0
振兴,40.11071947,124.3665785,0
镇安,33.42904465,109.1595746,0
镇巴,32.54283337,107.9014456,3
镇海,29.95488496,121.722519,3
镇江,32.19471592,119.4304894,3
镇康,23.76831548,98.83187122,3
镇赉,45.85311664,123.2065758,0
镇宁,26.06382908,105.7765834,3
镇平,33.03971853,112.2415445,0
镇坪,31.8896433,109.5334968,3
镇雄,27.44779463,104.8804042,3
镇沅,24.01033083,101.1155688,3
镇原,35.68323059,107.2075759,0
镇远,27.05482091,108.4365808,3
蒸湘,26.91771988,112.573444,3
正安,28.55909173,107.4605749,3
正定,38.15171373,114.5774811,0
正蓝旗,42.24711884,115.9986039,1
正宁,35.49821878,108.3663746,0
正镶白旗,42.29260543,115.0366217,1
正阳,32.61164108,114.3994966,3
郑州,34.75343885,113.6314192,0
政和,27.3717492,118.8635872,3
芝罘,37.54631287,121.40654,0
枝江,30.43173068,111.7665398,3
织金,26.66922189,105.7775895,3
芷江,27.44951328,109.6914023,3
志丹,36.82802114,108.7755775,0
治多,33.85795327,95.61979357,2
中甸,25.23850582,103.2343397,3
中方,27.44608117,109.9514619,3
中江,31.0389537,104.6855302,3
中牟,34.72501085,113.9824849,0
中宁,37.49742081,105.6915372,1
中泉子,37.54857813,105.9604177,1
中山,22.52231467,113.3994224,3
中卫,37.50570142,105.2035709,1
中阳,37.36287279,111.1856296,0
中原,34.75445078,113.6194755,0
中站,35.2426171,113.1894476,0
忠县,30.30526839,108.0445375,3
钟楼,31.80764666,119.9084627,3
钟山,26.58070408,104.8505298,3
钟祥,31.17402985,112.594471,3
仲巴,29.77598223,84.03811688,2
重庆,29.56899625,106.5584342,3
舟曲,33.79081497,104.37749,0
舟山,29.99091168,122.2135563,3
周村,36.80899435,117.8764822,0
周口,33.63182888,114.7034825,0
周宁,27.11023928,119.3455671,3
周至,34.16938527,108.2284218,0
珠海,22.27656465,113.5825548,3
珠晖,26.90026536,112.6265941,3
株洲,27.83356764,113.1404708,3
诸城,36.00200886,119.4164022,0
诸暨,29.71493465,120.2534083,3
竹山,32.23030406,110.2355816,3
竹溪,32.32412005,109.7215425,3
驻马店,33.01784242,114.0284708,0
庄河,39.68695608,122.9744955,0
庄浪,35.20819213,106.0425858,0
涿鹿,40.38583408,115.2113835,1
涿州,39.49106583,115.9816197,0
卓尼,34.59491643,103.5136158,2
卓资,40.90029184,112.5844096,1
资溪,27.71184579,117.0665703,3
资兴,25.9818736,113.2425561,3
资阳,30.13495656,104.6344353,3
资中,29.77023403,104.8584948,3
淄博,36.81908568,118.0614525,0
淄川,36.64983481,117.9734119,0
子长,37.14881692,109.6813899,0
子洲,37.61702589,110.0423985,0
秭归,30.83193164,110.9844494,3
梓潼,31.64831347,105.1775668,3
紫金,23.64143025,115.1904477,3
紫阳,32.52578562,108.5415943,3
紫云,25.75740873,106.0904138,3
自贡,29.34558492,104.7844488,3
自流井,29.34349856,104.7834473,3
邹城,35.40752093,117.0144042,0
邹平,36.87003222,117.7494785,0
遵化,40.1955332,117.9723752,0
遵义,27.73170088,106.9334277,3
左贡,29.67684854,97.84736683,2
左权,37.08855515,113.3854518,0
左云,40.01962345,112.7094633,1
