日期,最高气温,最低气温,天气,风向,风力,平均气温,温差
2019-09-01,28,17,阴,东北风,2级,22.5,11
2019-09-02,29,18,阴,东南风,2级,23.5,11
2019-09-03,29,19,多云,东北风,3级,24.0,10
2019-09-04,24,18,阴,西南风,2级,21.0,6
2019-09-05,30,18,多云,东北风,2级,24.0,12
2019-09-06,32,20,晴,东北风,3级,26.0,12
2019-09-07,33,20,晴,东北风,2级,26.5,13
2019-09-08,33,22,晴,东南风,2级,27.5,11
2019-09-09,28,19,阴,东北风,2级,23.5,9
2019-09-10,23,20,阴,东北风,3级,21.5,3
2019-09-11,23,21,阴,东北风,4级,22.0,2
2019-09-12,24,16,阴,西南风,4级,20.0,8
2019-09-13,18,13,阴,西南风,3级,15.5,5
2019-09-14,14,13,阴,东北风,1级,13.5,1
2019-09-15,16,13,阴,西南风,2级,14.5,3
2019-09-16,21,16,阴,西北风,1级,18.5,5
2019-09-17,17,14,阴,西南风,2级,15.5,3
2019-09-18,19,15,小雨,东北风,2级,17.0,4
2019-09-19,17,14,阴,西南风,1级,15.5,3
2019-09-20,26,11,阴,东南风,2级,18.5,15
2019-09-21,26,12,晴,东北风,1级,19.0,14
2019-09-22,27,11,晴,东北风,1级,19.0,16
2019-09-23,26,14,多云,西北风,1级,20.0,12
2019-09-24,25,11,阴,西南风,1级,18.0,14
2019-09-26,27,14,晴,东北风,2级,20.5,13
2019-09-27,28,14,晴,东北风,2级,21.0,14
2019-09-28,29,15,晴,东北风,3级,22.0,14
2019-09-29,29,16,晴,东北风,1级,22.5,13
2019-08-02,31,24,阴,东北风,2级,27.5,7
2019-08-03,27,23,阴,东北风,4级,25.0,4
2019-08-04,33,23,多云,东北风,2级,28.0,10
2019-08-05,32,22,阴,东南风,1级,27.0,10
2019-08-06,24,21,阴,东南风,1级,22.5,3
2019-08-07,31,22,阴,东北风,2级,26.5,9
2019-08-08,31,22,阴,东南风,1级,26.5,9
2019-08-09,28,20,阴,东北风,2级,24.0,8
2019-08-10,35,22,晴,东北风,2级,28.5,13
2019-08-11,35,22,晴,东北风,2级,28.5,13
2019-08-12,35,23,晴,西南风,2级,29.0,12
2019-08-13,36,24,晴,东北风,1级,30.0,12
2019-08-14,35,24,晴,西南风,2级,29.5,11
2019-08-15,38,24,晴,东北风,2级,31.0,14
2019-08-16,37,23,晴,东北风,2级,30.0,14
2019-08-17,31,23,多云,东北风,2级,27.0,8
2019-08-18,35,26,晴,东北风,4级,30.5,9
2019-08-19,37,26,阴,东风,2级,31.5,11
2019-08-20,31,21,阴,西北风,3级,26.0,10
2019-08-21,27,21,阴,东北风,3级,24.0,6
2019-08-22,26,21,阴,东北风,2级,23.5,5
2019-08-23,28,22,阴,东北风,1级,25.0,6
2019-08-24,32,24,多云,东北风,1级,28.0,8
2019-08-25,29,24,多云,东北风,3级,26.5,5
2019-08-26,28,20,阴,西南风,3级,24.0,8
2019-08-27,24,20,阴,东南风,2级,22.0,4
2019-08-28,30,18,多云,西南风,3级,24.0,12
2019-08-29,33,17,晴,东北风,2级,25.0,16
2019-08-30,30,20,多云,东北风,1级,25.0,10
2019-08-31,25,19,阴,南风,2级,22.0,6
2019-07-01,34,20,多云,东北风,2级,27.0,14
2019-07-02,32,21,阴,西南风,2级,26.5,11
2019-07-03,33,21,阴,西南风,2级,27.0,12
2019-07-04,35,19,多云,东南风,3级,27.0,16
2019-07-05,36,20,晴,西南风,2级,28.0,16
2019-07-06,33,20,多云,西南风,2级,26.5,13
2019-07-07,34,21,多云,东南风,3级,27.5,13
2019-07-08,24,20,阴,东南风,1级,22.0,4
2019-07-09,28,19,阴,东南风,2级,23.5,9
2019-07-10,31,19,多云,东北风,2级,25.0,12
2019-07-11,32,21,多云,西南风,3级,26.5,11
2019-07-12,31,22,阴,东北风,2级,26.5,9
2019-07-13,35,21,晴,东北风,1级,28.0,14
2019-07-14,37,23,多云,东北风,3级,30.0,14
2019-07-15,34,25,多云,东南风,2级,29.5,9
2019-07-16,28,21,阴,东北风,3级,24.5,7
2019-07-17,22,21,阴,东北风,3级,21.5,1
2019-07-18,23,21,阴,西北风,1级,22.0,2
2019-07-19,28,21,阴,西南风,2级,24.5,7
2019-07-20,34,24,多云,东北风,3级,29.0,10
2019-07-21,33,24,多云,东北风,1级,28.5,9
2019-07-22,26,20,阴,西南风,1级,23.0,6
2019-07-23,35,22,阴,东南风,2级,28.5,13
2019-07-24,32,24,阴,东南风,1级,28.0,8
2019-07-25,37,25,多云,东北风,3级,31.0,12
2019-07-26,30,24,晴,东南风,4级,27.0,6
2019-07-27,38,27,多云,东北风,2级,32.5,11
2019-07-28,40,26,多云,东北风,3级,33.0,14
2019-07-29,28,22,阴,西北风,微风,25.0,6
2019-07-30,36,22,多云,东北风,2级,29.0,14
2019-07-31,37,25,晴,东北风,3级,31.0,12
2019-06-01,34,18,阴,西南风,2级,26.0,16
2019-06-02,37,19,晴,西南风,4级,28.0,18
2019-06-03,37,20,多云,东北风,1级,28.5,17
2019-06-04,37,18,阴,西南风,2级,27.5,19
2019-06-05,18,17,阴,西南风,2级,17.5,1
2019-06-06,29,16,阴,东北风,1级,22.5,13
2019-06-07,31,18,多云,西南风,2级,24.5,13
2019-06-08,33,20,阴,西南风,1级,26.5,13
2019-06-09,33,21,多云,西南风,2级,27.0,12
2019-06-10,37,24,多云,西南风,2级,30.5,13
2019-06-11,32,22,阴,东南风,2级,27.0,10
2019-06-14,36,21,阴,东南风,3级,28.5,15
2019-06-15,28,18,阴,西南风,2级,23.0,10
2019-06-16,31,24,多云,西南风,2级,27.5,7
2019-06-17,32,22,阴,东南风,2级,27.0,10
2019-06-18,32,25,多云,西南风,1级,28.5,7
2019-06-19,28,22,阴,东北风,3级,25.0,6
2019-06-20,20,19,阴,东北风,2级,19.5,1
2019-06-21,21,19,阴,东北风,1级,20.0,2
2019-06-22,26,18,阴,西南风,1级,22.0,8
2019-06-23,31,22,多云,东北风,2级,26.5,9
2019-06-24,24,19,阴,东北风,2级,21.5,5
2019-06-25,31,21,阴,东北风,3级,26.0,10
2019-06-26,32,22,多云,西南风,2级,27.0,10
2019-06-27,24,19,小雨,东北风,2级,21.5,5
2019-06-28,21,17,阴,东南风,2级,19.0,4
2019-06-29,26,19,多云,西南风,2级,22.5,7
2019-06-30,31,18,多云,东南风,2级,24.5,13
2019-05-01,21,15,多云,东北风,5级,18.0,6
2019-05-02,23,13,多云,东北风,2级,18.0,10
2019-05-03,21,14,阴,东北风,2级,17.5,7
2019-05-04,26,16,阴,东北风,1级,21.0,10
2019-05-05,26,11,阴,东南风,2级,18.5,15
2019-05-06,15,9,阴,东北风,2级,12.0,6
2019-05-07,14,10,阴,东北风,2级,12.0,4
2019-05-08,22,12,阴,西北风,2级,17.0,10
2019-05-09,24,10,阴,西南风,2级,17.0,14
2019-05-10,27,15,阴,西南风,2级,21.0,12
2019-05-11,30,13,阴,西南风,1级,21.5,17
2019-05-12,22,14,霾,西南风,2级,18.0,8
2019-05-13,25,14,扬沙,东北风,2级,19.5,11
2019-05-14,19,13,阴,西南风,2级,16.0,6
2019-05-15,29,14,阴,西南风,2级,21.5,15
2019-05-16,23,14,阴,西北风,1级,18.5,9
2019-05-17,28,18,晴,东北风,3级,23.0,10
2019-05-18,27,17,阴,西南风,3级,22.0,10
2019-05-19,25,13,阴,西北风,3级,19.0,12
2019-05-20,25,12,阴,西南风,2级,18.5,13
2019-05-21,31,14,阴,西南风,2级,22.5,17
2019-05-22,35,17,晴,东南风,2级,26.0,18
2019-05-24,35,20,阴,东北风,1级,27.5,15
2019-05-25,36,22,多云,东南风,1级,29.0,14
2019-05-26,34,18,多云,西北风,3级,26.0,16
2019-05-27,24,13,阴,西南风,3级,18.5,11
2019-05-28,14,11,阴,西北风,1级,12.5,3
2019-05-29,21,15,阴,西南风,2级,18.0,6
2019-05-30,30,17,阴,西南风,2级,23.5,13
2019-05-31,30,16,阴,东南风,2级,23.0,14
2019-04-01,22,10,阴,东北风,1级,16.0,12
2019-04-02,16,10,阴,西南风,1级,13.0,6
2019-04-03,22,10,阴,东北风,3级,16.0,12
2019-04-04,25,9,晴,西南风,3级,17.0,16
2019-04-05,30,13,晴,东南风,2级,21.5,17
2019-04-06,32,13,多云,西南风,2级,22.5,19
2019-04-07,29,16,多云,东北风,3级,22.5,13
2019-04-08,26,14,阴,东北风,5级,20.0,12
2019-04-09,19,9,阴,东北风,4级,14.0,10
2019-04-10,12,7,阴,西南风,1级,9.5,5
2019-04-11,22,10,多云,东北风,2级,16.0,12
2019-04-12,13,7,阴,东南风,2级,10.0,6
2019-04-13,16,10,阴,西南风,2级,13.0,6
2019-04-14,20,11,多云,东北风,3级,15.5,9
2019-04-15,24,10,阴,西南风,3级,17.0,14
2019-04-16,29,13,晴,东北风,2级,21.0,16
2019-04-17,27,17,晴,东北风,1级,22.0,10
2019-04-18,32,17,晴,东北风,5级,24.5,15
2019-04-19,27,13,多云,东北风,6级,20.0,14
2019-04-20,15,11,阴,西南风,3级,13.0,4
2019-04-21,19,14,阴,东北风,2级,16.5,5
2019-04-22,23,15,多云,东北风,3级,19.0,8
2019-04-23,25,14,晴,西南风,2级,19.5,11
2019-04-24,28,15,晴,西北风,3级,21.5,13
2019-04-25,30,16,晴,东北风,4级,23.0,14
2019-04-26,19,11,多云,东北风,6级,15.0,8
2019-04-27,12,10,阴,东南风,5级,11.0,2
2019-04-28,11,9,阴,西南风,1级,10.0,2
2019-04-29,23,14,阴,西北风,2级,18.5,9
2019-04-30,24,13,阴,东北风,1级,18.5,11
2019-03-01,12,5,阴,东南风,2级,8.5,7
2019-03-03,13,3,雾,东北风,2级,8.0,10
2019-03-04,13,3,阴,西南风,2级,8.0,10
2019-03-06,17,8,多云,东北风,2级,12.5,9
2019-03-07,14,4,阴,东北风,3级,9.0,10
2019-03-08,12,3,阴,东北风,1级,7.5,9
2019-03-09,19,3,阴,东北风,1级,11.0,16
2019-03-10,12,0,阴,西南风,2级,6.0,12
2019-03-11,17,2,多云,西南风,2级,9.5,15
2019-03-15,20,5,阴,东北风,3级,12.5,15
2019-03-16,22,6,阴,北风,1级,14.0,16
2019-03-17,21,9,阴,西南风,2级,15.0,12
2019-03-18,24,10,晴,东南风,2级,17.0,14
2019-03-19,22,11,阴,东南风,3级,16.5,11
2019-03-20,25,8,多云,西北风,3级,16.5,17
2019-03-21,11,4,浮尘,东南风,2级,7.5,7
2019-03-22,14,3,阴,西北风,2级,8.5,11
2019-03-23,18,5,阴,东北风,3级,11.5,13
2019-03-24,19,5,阴,西北风,2级,12.0,14
2019-03-25,23,8,晴,西北风,1级,15.5,15
2019-03-26,24,12,多云,东北风,2级,18.0,12
2019-03-27,21,9,阴,西南风,2级,15.0,12
2019-03-28,26,9,晴,东南风,2级,17.5,17
2019-03-29,24,6,阴,南风,微风,15.0,18
2019-03-30,19,6,多云,东北风,1级,12.5,13
2019-03-31,20,7,阴,东北风,1级,13.5,13
2019-02-02,11,0,多云,西北风,3级,5.5,11
2019-02-03,11,-3,阴,西南风,2级,4.0,14
2019-02-04,13,0,阴,西北风,微风,6.5,13
2019-02-06,13,1,阴,东南风,1级,7.0,12
2019-02-07,5,-1,阴,东北风,3级,2.0,6
2019-02-08,0,-3,阴,东北风,1级,-1.5,3
2019-02-09,0,-4,阴,东北风,3级,-2.0,4
2019-02-10,1,-6,阴,西北风,1级,-2.5,7
2019-02-11,1,-4,多云,西北风,1级,-1.5,5
2019-02-12,7,-1,阴,东北风,2级,3.0,8
2019-02-13,2,-2,阴,东北风,4级,0.0,4
2019-02-14,4,-3,阴,东北风,2级,0.5,7
2019-02-15,7,-3,多云,东北风,2级,2.0,10
2019-02-17,2,-1,阴,西南风,1级,0.5,3
2019-02-18,1,-3,阴,东北风,2级,-1.0,4
2019-02-19,6,-1,多云,东南风,1级,2.5,7
2019-02-20,8,1,阴,西南风,1级,4.5,7
2019-02-21,6,-2,阴,西南风,3级,2.0,8
2019-02-22,8,-1,多云,西南风,2级,3.5,9
2019-02-23,11,0,阴,东北风,1级,5.5,11
2019-02-24,12,2,阴,西南风,1级,7.0,10
2019-02-26,5,4,阴,东北风,1级,4.5,1
2019-02-28,10,5,多云,东北风,2级,7.5,5
2019-01-01,1,-7,多云,东北风,1级,-3.0,8
2019-01-02,1,-7,多云,西南风,1级,-3.0,8
2019-01-03,1,-3,多云,西南风,3级,-1.0,4
2019-01-05,3,-5,多云,东北风,2级,-1.0,8
2019-01-07,7,-5,多云,西南风,2级,1.0,12
2019-01-08,3,-2,阴,东北风,2级,0.5,5
2019-01-09,1,-6,阴,东北风,3级,-2.5,7
2019-01-10,1,-4,阴,西南风,2级,-1.5,5
2019-01-11,5,-6,雾,西北风,1级,-0.5,11
2019-01-12,6,-5,多云,东北风,1级,0.5,11
2019-01-13,4,-4,阴,西北风,1级,0.0,8
2019-01-14,5,-5,多云,西南风,2级,0.0,10
2019-01-15,4,-7,阴,东北风,2级,-1.5,11
2019-01-16,1,-6,晴,西南风,3级,-2.5,7
2019-01-17,5,-6,晴,西北风,1级,-0.5,11
2019-01-18,4,-4,多云,东南风,1级,0.0,8
2019-01-19,9,-5,多云,西南风,2级,2.0,14
2019-01-20,6,-6,阴,西南风,2级,0.0,12
2019-01-21,7,-5,晴,西南风,3级,1.0,12
2019-01-22,12,-4,晴,东北风,微风,4.0,16
2019-01-23,9,-5,晴,西北风,1级,2.0,14
2019-01-24,4,0,多云,西南风,1级,2.0,4
2019-01-25,9,-2,多云,东北风,3级,3.5,11
2019-01-26,6,0,阴,东北风,3级,3.0,6
2019-01-27,5,-2,阴,西南风,2级,1.5,7
2019-01-29,10,1,多云,东南风,2级,5.5,9
2019-01-30,4,-1,雨夹雪,东北风,2级,1.5,5
2019-01-31,5,-7,阴,东南风,2级,-1.0,12
2018-12-01,14,2,霾,西南风,2级,8.0,12
2018-12-02,11,3,霾,西南风,4级,7.0,8
2018-12-03,9,-1,霾,西南风,2级,4.0,10
2018-12-04,7,0,多云,东北风,2级,3.5,7
2018-12-05,5,-1,小雨,西南风,2级,2.0,6
2018-12-06,6,-2,多云,东北风,2级,2.0,8
2018-12-07,2,-3,小雪,东北风,2级,-0.5,5
2018-12-09,2,-4,多云,东北风,2级,-1.0,6
2018-12-10,2,-4,阴,西南风,2级,-1.0,6
2018-12-11,2,-5,多云,西北风,1级,-1.5,7
2018-12-12,3,-5,晴,东北风,1级,-1.0,8
2018-12-13,4,-5,霾,东北风,2级,-0.5,9
2018-12-14,4,-4,晴,东北风,2级,0.0,8
2018-12-15,8,-2,霾,西南风,3级,3.0,10
2018-12-16,11,-2,晴,西南风,2级,4.5,13
2018-12-17,9,-1,晴,东南风,2级,4.0,10
2018-12-18,10,-2,霾,东南风,1级,4.0,12
2018-12-21,6,0,阴,西北风,1级,3.0,6
2018-12-22,7,-3,阴,西南风,2级,2.0,10
2018-12-23,2,-2,多云,东北风,2级,0.0,4
2018-12-24,4,-1,阴,西北风,1级,1.5,5
2018-12-25,6,-1,阴,西南风,2级,2.5,7
2018-12-28,-2,-5,阴,西南风,2级,-3.5,3
2018-12-29,0,-7,多云,东北风,2级,-3.5,7
2018-12-30,0,-6,晴,东北风,2级,-3.0,6
2018-12-31,0,-6,晴,西南风,2级,-3.0,6
2018-11-01,22,6,晴,东北风,微风,14.0,16
2018-11-03,18,8,多云,南风,2级,13.0,10
2018-11-04,13,6,阴,东南风,1级,9.5,7
2018-11-05,10,6,小雨,南风,1级,8.0,4
2018-11-08,16,1,晴,东南风,1级,8.5,15
2018-11-09,16,4,晴,东北风,2级,10.0,12
2018-11-11,15,2,多云,东南风,1级,8.5,13
2018-11-12,14,3,多云,东北风,2级,8.5,11
2018-11-13,13,4,晴,东北风,2级,8.5,9
2018-11-14,10,5,小雨,西南风,2级,7.5,5
2018-11-15,10,5,小雨,西南风,2级,7.5,5
2018-11-16,5,1,小雨,西北风,2级,3.0,4
2018-11-17,7,1,阴,西南风,3级,4.0,6
2018-11-18,10,0,多云,东南风,1级,5.0,10
2018-11-19,12,0,多云,东北风,1级,6.0,12
2018-11-20,9,1,多云,西南风,2级,5.0,8
2018-11-21,9,-2,晴,东南风,2级,3.5,11
2018-11-22,12,0,多云,东南风,2级,6.0,12
2018-11-23,15,0,晴,东南风,2级,7.5,15
2018-11-24,14,3,多云,西南风,2级,8.5,11
2018-11-25,15,0,晴,东南风,1级,7.5,15
2018-11-26,15,0,多云,西南风,2级,7.5,15
2018-11-27,14,3,多云,东南风,1级,8.5,11
2018-11-28,14,0,多云,东南风,1级,7.0,14
2018-11-29,14,3,霾,东北风,2级,8.5,11
2018-11-30,11,3,霾,西南风,2级,7.0,8
2018-10-01,23,11,晴,东南风,1级,17.0,12
2018-10-02,23,9,晴,东南风,1级,16.0,14
2018-10-03,25,9,晴,东南风,1级,17.0,16
2018-10-04,25,11,晴,南风,微风,18.0,14
2018-10-05,25,11,晴,东北风,1级,18.0,14
2018-10-06,21,11,阴,西北风,1级,16.0,10
2018-10-08,19,9,小雨,西南风,1级,14.0,10
2018-10-09,21,10,多云,东南风,1级,15.5,11
2018-10-10,21,7,晴,南风,1级,14.0,14
2018-10-11,20,8,阴,北风,2级,14.0,12
2018-10-12,22,13,多云,西北风,1级,17.5,9
2018-10-13,19,11,小雨,东南风,1级,15.0,8
2018-10-14,18,10,阴,北风,1级,14.0,8
2018-10-16,22,10,多云,南风,1级,16.0,12
2018-10-17,20,11,多云,东南风,1级,15.5,9
2018-10-18,22,13,阴,东南风,1级,17.5,9
2018-10-19,17,10,阴,西风,微风,13.5,7
2018-10-20,16,10,阴,东南风,1级,13.0,6
2018-10-21,16,8,小雨,东南风,微风,12.0,8
2018-10-22,20,7,多云,东风,1级,13.5,13
2018-10-23,21,7,晴,东北风,微风,14.0,14
2018-10-24,20,12,多云,北风,1级,16.0,8
2018-10-25,21,10,晴,北风,微风,15.5,11
2018-10-26,19,5,晴,东风,微风,12.0,14
2018-10-27,20,4,晴,东北风,微风,12.0,16
2018-10-28,21,5,晴,南风,微风,13.0,16
2018-10-29,22,7,晴,东南风,1级,14.5,15
2018-09-01,35,24,多云,西南风,1级,29.5,11
2018-09-02,31,23,多云,西南风,1级,27.0,8
2018-09-04,31,19,多云,南风,3级,25.0,12
2018-09-05,23,19,小雨,西北风,1级,21.0,4
2018-09-06,27,17,多云,东风,1级,22.0,10
2018-09-11,29,20,晴,南风,1级,24.5,9
2018-09-13,24,18,阵雨,东风,1级,21.0,6
2018-09-14,22,15,小雨,南风,1级,18.5,7
2018-09-16,20,14,小雨,东风,1级,17.0,6
2018-09-17,25,14,多云,西南风,1级,19.5,11
2018-09-19,20,16,小雨,南风,1级,18.0,4
2018-09-20,23,13,阴,南风,1级,18.0,10
2018-09-21,26,11,多云,东风,微风,18.5,15
2018-09-22,26,14,晴,西南风,微风,20.0,12
2018-09-23,25,15,多云,北风,微风,20.0,10
2018-09-25,19,15,小雨,东北风,1级,17.0,4
2018-09-27,17,8,小雨,西南风,1级,12.5,9
2018-09-28,25,10,晴,西南风,1级,17.5,15
2018-09-30,23,11,多云,东风,1级,17.0,12
2018-08-01,37,26,多云,南风,微风,31.5,11
2018-08-02,36,25,阵雨,南风,1级,30.5,11
2018-08-04,38,25,晴,南风,1级,31.5,13
2018-08-05,39,26,晴,西风,1级,32.5,13
2018-08-06,37,26,多云,南风,1级,31.5,11
2018-08-07,39,26,小雨,南风,2级,32.5,13
2018-08-09,38,26,多云,东南风,2级,32.0,12
2018-08-10,38,25,阵雨,南风,1级,31.5,13
2018-08-11,37,24,阴,南风,1级,30.5,13
2018-08-12,36,26,多云,东南风,1级,31.0,10
2018-08-13,37,25,多云,东南风,2级,31.0,12
2018-08-16,33,22,小雨,西风,2级,27.5,11
2018-08-17,32,23,阵雨,南风,1级,27.5,9
2018-08-18,34,23,多云,东南风,1级,28.5,11
2018-08-19,35,23,晴,东风,1级,29.0,12
2018-08-21,35,24,多云,东风,2级,29.5,11
2018-08-22,28,22,阴,东风,1级,25.0,6
2018-08-23,31,20,多云,西风,微风,25.5,11
2018-08-24,32,22,晴,西风,1级,27.0,10
2018-08-26,34,25,晴,南风,1级,29.5,9
2018-08-28,34,23,多云,南风,微风,28.5,11
2018-08-29,35,24,晴,北风,微风,29.5,11
2018-08-30,35,24,多云,东南风,1级,29.5,11
2018-08-31,35,25,多云,东风,1级,30.0,10
2018-07-01,34,23,阴,西风,1级,28.5,11
2018-07-02,28,21,大雨,南风,1级,24.5,7
2018-07-03,26,21,中雨,西南风,1级,23.5,5
2018-07-04,23,20,中雨,西风,1级,21.5,3
2018-07-05,30,21,多云,北风,微风,25.5,9
2018-07-06,33,22,多云,西北风,微风,27.5,11
2018-07-07,33,23,多云,西南风,微风,28.0,10
2018-07-08,30,22,小雨,西北风,微风,26.0,8
2018-07-09,26,21,小雨,西北风,1级,23.5,5
2018-07-10,26,23,中雨,东风,1级,24.5,3
2018-07-11,28,21,小雨,南风,1级,24.5,7
2018-07-12,30,22,小雨,西南风,微风,26.0,8
2018-07-13,32,23,阴,东南风,1级,27.5,9
2018-07-14,33,25,阵雨,南风,微风,29.0,8
2018-07-15,35,26,阵雨,东南风,1级,30.5,9
2018-07-16,36,25,阴,北风,1级,30.5,11
2018-07-17,36,26,晴,南风,1级,31.0,10
2018-07-18,38,27,多云,东南风,2级,32.5,11
2018-07-20,40,28,多云,南风,微风,34.0,12
2018-07-21,39,27,多云,西北风,1级,33.0,12
2018-07-23,40,28,晴,西南风,1级,34.0,12
2018-07-24,39,26,晴,南风,1级,32.5,13
2018-07-25,39,28,多云,南风,1级,33.5,11
2018-07-26,37,27,阵雨,西南风,1级,32.0,10
2018-07-27,37,26,阵雨,西南风,1级,31.5,11
2018-07-28,37,26,多云,东南风,2级,31.5,11
2018-07-29,37,26,多云,东南风,1级,31.5,11
2018-07-30,35,24,阵雨,东南风,1级,29.5,11
2018-07-31,34,25,阵雨,西北风,2级,29.5,9
2018-06-01,30,16,多云,南风,1级,23.0,14
2018-06-03,31,17,多云,东风,1级,24.0,14
2018-06-04,30,14,多云,东风,1级,22.0,16
2018-06-05,36,18,晴,东北风,微风,27.0,18
2018-06-06,38,22,多云,东风,1级,30.0,16
2018-06-07,33,19,多云,东南风,1级,26.0,14
2018-06-08,22,13,小雨,西南风,1级,17.5,9
2018-06-09,30,15,多云,东南风,1级,22.5,15
2018-06-10,34,16,晴,东风,微风,25.0,18
2018-06-11,36,20,多云,东南风,1级,28.0,16
2018-06-12,37,20,晴,东南风,1级,28.5,17
2018-06-13,39,21,多云,东北风,微风,30.0,18
2018-06-14,37,21,多云,南风,1级,29.0,16
2018-06-15,35,22,阴,东南风,1级,28.5,13
2018-06-16,28,22,小雨,北风,1级,25.0,6
2018-06-17,31,21,阴,南风,2级,26.0,10
2018-06-18,26,21,小雨,西北风,2级,23.5,5
2018-06-20,34,20,多云,东南风,1级,27.0,14
2018-06-21,33,20,多云,南风,1级,26.5,13
2018-06-22,34,22,晴,东南风,1级,28.0,12
2018-06-23,35,23,多云,西风,微风,29.0,12
2018-06-24,35,24,阴,西北风,1级,29.5,11
2018-06-25,33,22,小雨,南风,1级,27.5,11
2018-06-26,30,23,中雨,西北风,1级,26.5,7
2018-06-27,33,23,阵雨,西南风,1级,28.0,10
2018-06-28,34,23,多云,东北风,微风,28.5,11
2018-06-29,34,24,小雨,西北风,1级,29.0,10
2018-06-30,33,22,多云,南风,2级,27.5,11
2018-05-01,30,13,多云,东风,1级,21.5,17
2018-05-02,27,10,多云,东风,1级,18.5,17
2018-05-03,30,16,阴,北风,1级,23.0,14
2018-05-05,26,14,小雨,东南风,1级,20.0,12
2018-05-06,18,10,小雨,西南风,1级,14.0,8
2018-05-07,24,12,多云,西南风,1级,18.0,12
2018-05-10,22,15,小雨,西南风,1级,18.5,7
2018-05-11,24,13,多云,东北风,微风,18.5,11
2018-05-12,24,11,多云,东南风,微风,17.5,13
2018-05-13,33,17,晴,西北风,1级,25.0,16
2018-05-14,31,20,多云,南风,1级,25.5,11
2018-05-16,35,21,晴,北风,1级,28.0,14
2018-05-18,30,19,小雨,东北风,1级,24.5,11
2018-05-19,27,18,阵雨,西北风,微风,22.5,9
2018-05-22,26,11,多云,东南风,1级,18.5,15
2018-05-26,24,13,阵雨,东南风,1级,18.5,11
2018-05-27,28,13,阴,东南风,1级,20.5,15
2018-05-28,31,14,多云,南风,1级,22.5,17
2018-05-30,29,15,多云,东南风,1级,22.0,14
2018-05-31,33,18,多云,北风,1级,25.5,15
2018-04-01,30,11,晴,东北风,微风,20.5,19
2018-04-07,21,5,晴,南风,微风,13.0,16
2018-04-10,30,10,多云,东风,微风,20.0,20
2018-04-11,27,15,阴,西南风,1级,21.0,12
2018-04-12,16,10,小雨,东南风,1级,13.0,6
2018-04-13,13,9,小雨,南风,1级,11.0,4
2018-04-14,19,5,多云,西南风,1级,12.0,14
2018-04-15,20,6,多云,西南风,1级,13.0,14
2018-04-17,29,11,晴,东风,微风,20.0,18
2018-04-18,32,15,晴,西北风,1级,23.5,17
2018-04-19,32,18,多云,东南风,2级,25.0,14
2018-04-20,26,13,中雨,东南风,1级,19.5,13
2018-04-21,28,14,多云,西南风,1级,21.0,14
2018-04-22,26,14,阵雨,东北风,1级,20.0,12
2018-04-23,22,14,阴,北风,1级,18.0,8
2018-04-25,19,9,小雨,西南风,微风,14.0,10
2018-04-26,27,10,多云,北风,1级,18.5,17
2018-04-27,30,13,阴,东南风,微风,21.5,17
2018-04-29,32,12,晴,东南风,微风,22.0,20
2018-04-30,28,16,阴,东风,1级,22.0,12
2018-03-02,17,3,多云,西南风,微风,10.0,14
2018-03-03,20,7,晴,北风,微风,13.5,13
2018-03-04,14,4,小雨,西南风,1级,9.0,10
2018-03-05,15,4,阴,西北风,1级,9.5,11
2018-03-07,12,0,阴,北风,微风,6.0,12
2018-03-08,15,1,晴,东南风,1级,8.0,14
2018-03-09,16,4,晴,北风,微风,10.0,12
2018-03-10,19,7,多云,西北风,微风,13.0,12
2018-03-11,20,6,晴,北风,3级,13.0,14
2018-03-12,23,6,晴,北风,微风,14.5,17
2018-03-13,24,6,多云,北风,微风,15.0,18
2018-03-14,25,8,晴,东北风,微风,16.5,17
2018-03-16,17,6,阴,西南风,2级,11.5,11
2018-03-17,8,5,小雨,北风,1级,6.5,3
2018-03-18,7,5,阴,西北风,1级,6.0,2
2018-03-20,14,4,多云,北风,微风,9.0,10
2018-03-21,19,4,晴,南风,1级,11.5,15
2018-03-22,22,5,晴,北风,1级,13.5,17
2018-03-24,23,9,多云,北风,微风,16.0,14
2018-03-25,22,11,多云,北风,微风,16.5,11
2018-03-27,29,12,多云,东南风,1级,20.5,17
2018-03-28,30,13,多云,南风,微风,21.5,17
2018-03-29,28,14,多云,南风,2级,21.0,14
2018-03-31,26,14,阴,南风,1级,20.0,12
2018-02-04,4,-6,晴,北风,1级,-1.0,10
2018-02-05,6,-6,晴,西北风,微风,0.0,12
2018-02-07,6,-5,阴,西南风,1级,0.5,11
2018-02-10,6,-3,晴,南风,1级,1.5,9
2018-02-11,7,-5,晴,东北风,1级,1.0,12
2018-02-12,8,-3,晴,南风,1级,2.5,11
2018-02-13,9,-2,多云,东南风,微风,3.5,11
2018-02-14,8,0,多云,西南风,1级,4.0,8
2018-02-17,5,1,小雨,东南风,1级,3.0,4
2018-02-18,9,1,阴,西北风,1级,5.0,8
2018-02-19,12,1,多云,北风,1级,6.5,11
2018-02-21,9,0,晴,南风,2级,4.5,9
2018-02-22,13,0,晴,西南风,微风,6.5,13
2018-02-23,16,0,多云,东南风,1级,8.0,16
2018-02-24,16,2,多云,北风,微风,9.0,14
2018-02-25,16,2,晴,北风,微风,9.0,14
2018-02-27,15,6,阴,西北风,1级,10.5,9
2018-02-28,20,5,晴,东风,1级,12.5,15
2018-01-01,9,-1,多云,东北风,1级,4.0,10
2018-01-02,3,-1,小雨,东南风,1级,1.0,4
2018-01-03,2,-2,大雪,西北风,1级,0.0,4
2018-01-04,-2,-6,小雪,东风,1级,-4.0,4
2018-01-05,-3,-4,多云,东北风,1级,-3.5,1
2018-01-06,-1,-4,中雪,西南风,微风,-2.5,3
2018-01-07,1,-5,阴,东风,1级,-2.0,6
2018-01-08,-1,-6,晴,北风,微风,-3.5,5
2018-01-09,3,-7,晴,西北风,微风,-2.0,10
2018-01-10,6,-6,晴,西北风,1级,0.0,12
2018-01-12,5,-5,多云,西北风,1级,0.0,10
2018-01-13,5,-5,阴,西北风,1级,0.0,10
2018-01-14,6,-4,晴,东北风,1级,1.0,10
2018-01-15,5,-3,多云,北风,微风,1.0,8
2018-01-16,8,-2,晴,北风,微风,3.0,10
2018-01-17,5,-3,多云,北风,微风,1.0,8
2018-01-18,4,-3,阴,西南风,1级,0.5,7
2018-01-20,8,-2,阴,西风,微风,3.0,10
2018-01-23,3,-3,多云,西北风,1级,0.0,6
2018-01-25,-3,-8,小雪,西北风,1级,-5.5,5
2018-01-27,-3,-7,小雪,北风,1级,-5.0,4
2018-01-28,1,-8,阴,南风,2级,-3.5,9
2018-01-29,-1,-9,多云,南风,1级,-5.0,8
2018-01-30,0,-6,多云,东风,1级,-3.0,6
2017-12-04,9,-2,多云,西北风,1级,3.5,11
2017-12-05,8,-4,晴,东南风,微风,2.0,12
2017-12-07,8,-2,多云,西北风,1级,3.0,10
2017-12-11,7,-2,多云,西北风,1级,2.5,9
2017-12-12,6,0,多云,西北风,1级,3.0,6
2017-12-13,4,0,阴,东南风,1级,2.0,4
2017-12-14,3,-2,多云,东南风,2级,0.5,5
2017-12-15,7,-4,晴,东南风,微风,1.5,11
2017-12-16,5,-3,晴,南风,1级,1.0,8
2017-12-18,8,-3,晴,东南风,微风,2.5,11
2017-12-21,10,-4,晴,西南风,微风,3.0,14
2017-12-22,11,-2,多云,西北风,微风,4.5,13
2017-12-23,10,-2,多云,北风,1级,4.0,12
2017-12-24,11,-3,晴,北风,1级,4.0,14
2017-12-25,6,0,阴,西北风,1级,3.0,6
2017-12-27,10,-3,多云,南风,微风,3.5,13
2017-12-28,9,0,晴,西北风,1级,4.5,9
2017-12-29,9,-2,阴,北风,1级,3.5,11
2017-12-30,10,0,多云,南风,微风,5.0,10
2017-12-31,8,-3,晴,南风,微风,2.5,11
2017-11-01,19,8,晴,东北风,1级,13.5,11
2017-11-03,21,7,晴,东北风,1级,14.0,14
2017-11-04,14,7,晴,西北风,微风,10.5,7
2017-11-05,19,8,晴,西北风,1级,13.5,11
2017-11-07,20,6,晴,东南风,微风,13.0,14
2017-11-08,20,9,晴,南风,微风,14.5,11
2017-11-11,11,4,多云,东风,1级,7.5,7
2017-11-12,12,3,小雨,北风,微风,7.5,9
2017-11-14,12,3,多云,南风,微风,7.5,9
2017-11-16,12,4,多云,北风,微风,8.0,8
2017-11-23,12,0,多云,东北风,微风,6.0,12
2017-11-25,14,0,晴,东风,微风,7.0,14
2017-11-26,14,0,晴,北风,1级,7.0,14
2017-11-27,8,0,多云,南风,1级,4.0,8
2017-11-28,12,0,多云,西北风,1级,6.0,12
2017-11-29,7,-1,小雨,北风,1级,3.0,8
2017-10-02,21,15,阴,西风,1级,18.0,6
2017-10-04,13,10,小雨,北风,2级,11.5,3
2017-10-06,20,13,多云,西北风,1级,16.5,7
2017-10-07,21,15,多云,西北风,1级,18.0,6
2017-10-09,15,10,小雨,北风,2级,12.5,5
2017-10-10,12,7,中雨,南风,2级,9.5,5
2017-10-11,9,7,大雨,东南风,1级,8.0,2
2017-10-13,15,10,小雨,西南风,微风,12.5,5
2017-10-16,13,11,小雨,南风,1级,12.0,2
2017-10-17,17,11,小雨,西风,1级,14.0,6
2017-10-18,17,9,阴,东北风,微风,13.0,8
2017-10-23,20,12,多云,东风,微风,16.0,8
2017-10-26,9,0,晴,北风,小于3级,4.5,9
2017-10-27,11,0,晴,西南风,小于3级,5.5,11
2017-10-28,9,0,多云,东北风,小于3级,4.5,9
2017-10-29,9,0,阴,东北风,小于3级,4.5,9
2017-10-30,13,9,阴,北风,微风,11.0,4
2017-09-02,25,19,阴,西南风,微风,22.0,6
2017-09-03,21,17,中雨,西南风,1级,19.0,4
2017-09-05,20,16,中雨,南风,1级,18.0,4
2017-09-07,29,18,晴,北风,1级,23.5,11
2017-09-08,26,18,小雨,西北风,1级,22.0,8
2017-09-09,22,17,中雨,西南风,1级,19.5,5
2017-09-10,27,15,多云,东南风,1级,21.0,12
2017-09-13,29,17,晴,南风,1级,23.0,12
2017-09-17,28,16,多云,北风,1级,22.0,12
2017-09-18,29,18,多云,南风,1级,23.5,11
2017-09-19,28,15,小雨,西南风,微风,21.5,13
2017-09-21,30,17,多云,东风,微风,23.5,13
2017-09-28,25,16,多云,西南风,1级,20.5,9
2017-09-30,22,15,小雨,西风,1级,18.5,7
2017-08-01,33,22,多云,东风,微风,27.5,11
2017-08-04,38,25,晴,南风,1级,31.5,13
2017-08-05,39,26,晴,西南风,1级,32.5,13
2017-08-06,35,24,小雨,南风,2级,29.5,11
2017-08-07,25,20,大雨,西北风,1级,22.5,5
2017-08-09,36,20,晴,东北风,微风,28.0,16
2017-08-11,34,23,阴,西南风,1级,28.5,11
2017-08-14,32,21,多云,西南风,微风,26.5,11
2017-08-15,36,22,多云,东风,3级,29.0,14
2017-08-16,36,23,晴,东南风,1级,29.5,13
2017-08-17,36,24,阴,东南风,3级,30.0,12
2017-08-18,33,24,多云,东北风,2级,28.5,9
2017-08-21,30,23,阵雨,西北风,1级,26.5,7
2017-08-24,31,19,晴,东南风,1级,25.0,12
2017-08-25,28,20,阵雨,西北风,2级,24.0,8
2017-08-26,27,22,阵雨,西北风,2级,24.5,5
2017-08-28,25,18,阴,西北风,微风,21.5,7
2017-08-29,20,16,中雨,西南风,2级,18.0,4
2017-08-31,24,16,多云,北风,微风,20.0,8
2017-07-05,29,22,小雨,西北风,1级,25.5,7
2017-07-08,37,23,多云,南风,2级,30.0,14
2017-07-09,37,25,晴,南风,2级,31.0,12
2017-07-12,40,25,晴,西南风,2级,32.5,15
2017-07-13,39,25,多云,东北风,1级,32.0,14
2017-07-14,38,25,多云,东风,2级,31.5,13
2017-07-15,36,26,小雨,西南风,1级,31.0,10
2017-07-16,33,24,阵雨,东南风,1级,28.5,9
2017-07-17,36,26,多云,东南风,1级,31.0,10
2017-07-20,40,27,阴,东南风,2级,33.5,13
2017-07-21,41,27,多云,北风,微风,34.0,14
2017-07-23,39,27,多云,东风,1级,33.0,12
2017-07-24,40,27,晴,南风,1级,33.5,13
2017-07-25,40,29,多云,东南风,2级,34.5,11
2017-07-26,40,26,多云,南风,2级,33.0,14
2017-07-27,40,26,多云,东风,2级,33.0,14
2017-07-29,25,20,小雨,西风,1级,22.5,5
2017-07-31,33,22,多云,南风,1级,27.5,11
2017-06-01,35,22,多云,东北风,1级,28.5,13
2017-06-03,28,20,阴,东风,3级,24.0,8
2017-06-04,17,14,大雨,东北风,3级,15.5,3
2017-06-06,30,18,多云,东南风,1级,24.0,12
2017-06-07,31,19,多云,东北风,2级,25.0,12
2017-06-09,26,17,小雨,西南风,2级,21.5,9
2017-06-10,31,19,多云,东北风,1级,25.0,12
2017-06-11,31,20,多云,北风,2级,25.5,11
2017-06-13,32,20,多云,南风,2级,26.0,12
2017-06-15,30,19,多云,南风,2级,24.5,11
2017-06-17,33,22,多云,东南风,微风,27.5,11
2017-06-18,33,22,多云,东南风,2级,27.5,11
2017-06-20,32,21,阴,东南风,2级,26.5,11
2017-06-21,30,21,阵雨,东风,2级,25.5,9
2017-06-22,35,23,多云,西北风,3级,29.0,12
2017-06-24,33,20,晴,南风,3级,26.5,13
2017-06-28,37,25,晴,东风,1级,31.0,12
2017-05-04,24,13,多云,西北风,2级,18.5,11
2017-05-05,20,12,阴,西北风,2级,16.0,8
2017-05-06,23,12,多云,西北风,2级,17.5,11
2017-05-07,22,12,阴,西北风,2级,17.0,10
2017-05-10,28,17,阴,南风,3级,22.5,11
2017-05-11,31,14,晴,南风,2级,22.5,17
2017-05-13,33,19,多云,东北风,1级,26.0,14
2017-05-15,24,14,阵雨,南风,2级,19.0,10
2017-05-17,33,19,晴,南风,1级,26.0,14
2017-05-18,29,18,阵雨,西北风,2级,23.5,11
2017-05-19,31,18,多云,北风,2级,24.5,13
2017-05-20,31,20,阴,西南风,1级,25.5,11
2017-05-21,30,20,阴,西北风,2级,25.0,10
2017-05-22,24,15,小到中雨,南风,2级,19.5,9
2017-05-23,27,14,晴,东南风,2级,20.5,13
2017-05-24,28,16,多云,北风,2级,22.0,12
2017-05-27,35,19,晴,东南风,1级,27.0,16
2017-05-28,36,21,晴,南风,1级,28.5,15
2017-05-29,29,19,阵雨,西北风,2级,24.0,10
2017-04-01,20,7,晴,西风,2级,13.5,13
2017-04-02,20,10,晴,北风,1级,15.0,10
2017-04-06,23,12,多云,南风,1级,17.5,11
2017-04-07,22,13,阴,东南风,1级,17.5,9
2017-04-10,14,7,小雨,东南风,2级,10.5,7
2017-04-11,21,9,阴,西南风,3级,15.0,12
2017-04-13,26,12,多云,东南风,1级,19.0,14
2017-04-14,27,11,晴,东北风,1级,19.0,16
2017-04-16,19,10,小雨,南风,2级,14.5,9
2017-04-17,28,13,晴,南风,3级,20.5,15
2017-04-23,28,13,多云,东风,1级,20.5,15
2017-04-26,22,12,阴,西北风,2级,17.0,10
2017-04-29,29,15,晴,西北风,2级,22.0,14
2017-03-02,14,2,多云,东北风,3级,8.0,12
2017-03-03,16,3,多云,西南风,1级,9.5,13
2017-03-05,14,3,阴,南风,1级,8.5,11
2017-03-07,13,2,多云,西风,2级,7.5,11
2017-03-08,13,2,晴,东北风,2级,7.5,11
2017-03-09,14,4,多云,东南风,1级,9.0,10
2017-03-10,14,5,阴,东北风,1级,9.5,9
2017-03-11,14,7,阴,西南风,2级,10.5,7
2017-03-13,3,1,小到中雨,北风,1级,2.0,2
2017-03-14,10,3,阴,东南风,2级,6.5,7
2017-03-21,16,7,阴,西南风,1级,11.5,9
2017-03-22,16,5,多云,西南风,1级,10.5,11
2017-03-27,20,7,晴,北风,1级,13.5,13
2017-02-02,6,0,阴,东风,2级,3.0,6
2017-02-03,8,-1,多云,西北风,1级,3.5,9
2017-02-05,11,1,晴,西南风,2级,6.0,10
2017-02-06,6,2,阴,东风,4级,4.0,4
2017-02-10,7,-2,多云,西风,1级,2.5,9
2017-02-16,15,2,晴,南风,1级,8.5,13
2017-01-07,6,-1,阴,南风,1级,2.5,7
2017-01-08,6,-1,多云,西北风,1级,2.5,7
2017-01-09,5,0,阴,西北风,2级,2.5,5
2017-01-11,7,-2,多云,西南风,2级,2.5,9
2017-01-13,8,-2,晴,北风,1级,3.0,10
2017-01-15,5,-1,霾,南风,1级,2.0,6
2017-01-23,8,-2,多云,西北风,1级,3.0,10
2017-01-28,6,0,阴,西南风,2级,3.0,6
2016-12-03,13,0,霾,西南风,2级,6.5,13
2016-12-04,16,2,晴,西北风,2级,9.0,14
2016-12-06,11,1,晴,西南风,2级,6.0,10
2016-12-10,8,2,霾,东风,2级,5.0,6
2016-12-13,10,0,霾,西北风,1级,5.0,10
2016-12-15,9,0,霾,西北风,1级,4.5,9
2016-12-18,9,1,霾,北风,微风,5.0,8
2016-12-23,9,0,多云,西北风,1级,4.5,9
2016-12-24,7,1,阴,东风,3级,4.0,6
2016-12-25,2,-1,雨夹雪,东风,4级,0.5,3
2016-12-31,8,-1,霾,东北风,2级,3.5,9
2016-11-01,12,5,多云,北风,微风,8.5,7
2016-11-03,18,7,霾,东北风,2级,12.5,11
2016-11-04,20,7,霾,东北风,2级,13.5,13
2016-11-08,10,4,阴,东风,1级,7.0,6
2016-11-11,17,6,晴,西北风,1级,11.5,11
2016-11-12,18,6,多云,东北风,2级,12.0,12
2016-11-13,17,7,霾,东北风,2级,12.0,10
2016-11-20,13,5,霾,东北风,1级,9.0,8
2016-11-23,2,-3,晴,南风,1级,-0.5,5
2016-11-30,14,1,晴,东风,3级,7.5,13
2016-10-01,27,15,多云,东北风,2级,21.0,12
2016-10-03,30,17,多云,西北风,1级,23.5,13
2016-10-05,20,14,阴,东北风,1级,17.0,6
2016-10-11,18,12,阴,西风,1级,15.0,6
2016-10-14,18,12,小雨,东北风,2级,15.0,6
2016-10-17,23,12,晴,东北风,2级,17.5,11
2016-10-18,24,12,晴,东北风,2级,18.0,12
2016-10-21,20,14,小雨,西南风,2级,17.0,6
2016-10-22,16,12,小雨,东风,1级,14.0,4
2016-10-30,12,6,多云,西南风,2级,9.0,6
2016-09-01,33,19,晴,南风,1级,26.0,14
2016-09-03,30,20,阴,西南风,2级,25.0,10
2016-09-08,31,19,晴,东北风,2级,25.0,12
2016-09-09,27,18,阵雨,西南风,3级,22.5,9
2016-09-11,30,19,晴,东风,2级,24.5,11
2016-09-14,27,18,阴,西风,2级,22.5,9
2016-09-15,27,19,阵雨,东风,2级,23.0,8
2016-09-17,29,20,阴,西南风,2级,24.5,9
2016-09-18,24,18,小雨,东风,2级,21.0,6
2016-09-20,21,16,小雨,西风,1级,18.5,5
2016-09-21,27,15,多云,东风,1级,21.0,12
2016-09-25,27,18,多云,东北风,2级,22.5,9
2016-09-26,24,18,小雨,西南风,1级,21.0,6
2016-09-27,23,16,小雨,西南风,2级,19.5,7
2016-08-05,32,24,阵雨,东风,3级,28.0,8
2016-08-06,30,23,多云,东南风,2级,26.5,7
2016-08-08,30,22,多云,东北风,1级,26.0,8
2016-08-10,33,25,阴,东南风,1级,29.0,8
2016-08-11,34,25,多云,东风,3级,29.5,9
2016-08-14,38,27,晴,东风,4级,32.5,11
2016-08-16,37,27,多云,东北风,4级,32.0,10
2016-08-18,37,27,多云,西风,2级,32.0,10
2016-08-21,35,26,多云,东北风,4级,30.5,9
2016-08-22,35,25,多云,东风,3级,30.0,10
2016-08-29,30,20,阴,西南风,1级,25.0,10
2016-07-01,35,24,晴,暂无实况,,29.5,11
2016-07-02,36,24,晴,暂无实况,,30.0,12
2016-07-03,35,24,多云,暂无实况,,29.5,11
2016-07-04,35,24,晴,暂无实况,,29.5,11
2016-07-05,35,23,晴,暂无实况,,29.0,12
2016-07-06,33,25,多云~阴,暂无实况,,29.0,8
2016-07-07,32,25,多云~阵雨,暂无实况,,28.5,7
2016-07-08,35,26,阵雨~小雨,暂无实况,,30.5,9
2016-07-09,36,27,多云,暂无实况,,31.5,9
2016-07-10,33,26,阵雨,暂无实况,,29.5,7
2016-07-11,32,24,阴~多云,暂无实况,,28.0,8
2016-07-12,31,23,阴~小雨,暂无实况,,27.0,8
2016-07-13,30,23,小雨~中到大雨,暂无实况,,26.5,7
2016-07-14,24,18,中雨转多云,暂无实况,,21.0,6
2016-07-15,33,21,晴,暂无实况,,27.0,12
2016-07-16,35,23,晴,暂无实况,,29.0,12
2016-07-17,35,24,多云转阴,暂无实况,,29.5,11
2016-07-18,28,23,小雨转中雨,暂无实况,,25.5,5
2016-07-19,29,22,小雨,暂无实况,,25.5,7
2016-07-20,33,22,多云,暂无实况,,27.5,11
2016-07-21,34,25,多云,暂无实况,,29.5,9
2016-07-22,34,24,多云,暂无实况,,29.0,10
2016-07-23,34,25,多云,暂无实况,,29.5,9
2016-07-24,35,25,多云,暂无实况,,30.0,10
2016-07-25,30,22,小雨,暂无实况,,26.0,8
2016-07-26,31,23,小雨,暂无实况,,27.0,8
2016-07-28,37,25,晴,暂无实况,,31.0,12
2016-07-31,34,25,阵雨,暂无实况,,29.5,9
2016-06-01,22,15,阴~多云,暂无实况,,18.5,7
2016-06-02,21,17,小雨~小到中雨,暂无实况,,19.0,4
2016-06-03,28,16,晴,暂无实况,,22.0,12
2016-06-04,27,17,多云~晴,暂无实况,,22.0,10
2016-06-05,33,21,多云~晴,暂无实况,,27.0,12
2016-06-06,33,21,多云~晴,暂无实况,,27.0,12
2016-06-07,28,21,阵雨~阴,暂无实况,,24.5,7
2016-06-08,34,22,阴,暂无实况,,28.0,12
2016-06-09,31,21,阵雨,暂无实况,,26.0,10
2016-06-10,34,21,多云,暂无实况,,27.5,13
2016-06-11,35,23,多云~阵雨,暂无实况,,29.0,12
2016-06-12,33,22,多云~晴,暂无实况,,27.5,11
2016-06-13,35,20,晴~多云,暂无实况,,27.5,15
2016-06-14,35,19,晴~多云,暂无实况,,27.0,16
2016-06-15,32,19,多云~晴,暂无实况,,25.5,13
2016-06-16,31,19,多云~晴,暂无实况,,25.0,12
2016-06-17,34,22,晴,暂无实况,,28.0,12
2016-06-18,37,25,多云~阴,暂无实况,,31.0,12
2016-06-19,38,24,多云~晴,暂无实况,,31.0,14
2016-06-20,37,25,晴,暂无实况,,31.0,12
2016-06-21,35,25,多云,暂无实况,,30.0,10
2016-06-22,34,24,多云~阴,暂无实况,,29.0,10
2016-06-23,27,20,中到大雨~多云,暂无实况,,23.5,7
2016-06-24,28,21,多云,暂无实况,,24.5,7
2016-06-25,31,21,多云~阴,暂无实况,,26.0,10
2016-06-26,31,21,多云,暂无实况,,26.0,10
2016-06-27,34,21,晴,暂无实况,,27.5,13
2016-06-28,35,24,晴,暂无实况,,29.5,11
2016-06-29,36,24,晴~多云,暂无实况,,30.0,12
2016-06-30,28,23,中雨~小雨,暂无实况,,25.5,5
2016-05-01,27,14,晴,暂无实况,,20.5,13
2016-05-02,27,14,晴,暂无实况,,20.5,13
2016-05-03,27,14,晴,暂无实况,,20.5,13
2016-05-04,25,15,晴~多云,暂无实况,,20.0,10
2016-05-05,31,19,多云,暂无实况,,25.0,12
2016-05-06,26,14,阴,暂无实况,,20.0,12
2016-05-07,21,17,小雨,暂无实况,,19.0,4
2016-05-08,24,12,阴~多云,暂无实况,,18.0,12
2016-05-09,30,15,晴,暂无实况,,22.5,15
2016-05-10,26,16,晴,暂无实况,,21.0,10
2016-05-11,32,19,晴,暂无实况,,25.5,13
2016-05-12,33,21,晴~多云,暂无实况,,27.0,12
2016-05-13,24,17,霾,暂无实况,,20.5,7
2016-05-14,20,13,小雨,暂无实况,,16.5,7
2016-05-15,23,10,晴,暂无实况,,16.5,13
2016-05-16,25,14,晴~阴,暂无实况,,19.5,11
2016-05-17,26,14,晴~多云,暂无实况,,20.0,12
2016-05-18,28,18,小雨~阴,暂无实况,,23.0,10
2016-05-19,28,18,阴,暂无实况,,23.0,10
2016-05-20,26,18,多云,暂无实况,,22.0,8
2016-05-21,26,16,多云,暂无实况,,21.0,10
2016-05-22,25,15,阴~小雨,暂无实况,,20.0,10
2016-05-23,24,15,阴~小雨,暂无实况,,19.5,9
2016-05-24,24,14,阴~晴,暂无实况,,19.0,10
2016-05-25,25,16,阴~小雨,暂无实况,,20.5,9
2016-05-26,18,13,小雨,暂无实况,,15.5,5
2016-05-27,18,13,小雨,暂无实况,,15.5,5
2016-05-28,17,12,小雨,暂无实况,,14.5,5
2016-05-29,29,18,晴~多云,暂无实况,,23.5,11
2016-05-30,28,17,晴~多云,暂无实况,,22.5,11
2016-05-31,25,20,中雨~小雨,暂无实况,,22.5,5
2016-04-01,13,26,多云~阴,东风 微风 ,东风 微风 ,19.5,13
2016-04-02,13,26,多云~小雨,东北风 微风 ,东北风 微风 ,19.5,13
2016-04-03,11,17,阴,东风 微风 ,东风 微风 ,14.0,6
2016-04-04,10,16,小雨,西南风 微风 ,西南风 微风 ,13.0,6
2016-04-05,10,16,小雨,西南风 微风 ,西南风 微风 ,13.0,6
2016-04-06,12,21,多云~阴,东北风 微风 ,东北风 微风 ,16.5,9
2016-04-07,12,21,多云~阴,东北风 微风 ,东北风 微风 ,16.5,9
2016-04-08,13,23,阴,东北风 微风 ,东北风 微风 ,18.0,10
2016-04-09,13,23,阴,东北风 微风 ,东北风 微风 ,18.0,10
2016-04-10,13,25,多云,东风 微风 ,东风 微风 ,19.0,12
2016-04-11,13,25,多云,东风 微风 ,东风 微风 ,19.0,12
2016-04-12,13,25,多云,东风 微风 ,东风 微风 ,19.0,12
2016-04-13,12,24,多云~阴,东风 微风 ,东风 微风 ,18.0,12
2016-04-14,11,17,小到中雨~小雨,东风 微风 ,东风 微风 ,14.0,6
2016-04-15,11,17,小到中雨~小雨,东风 微风 ,东风 微风 ,14.0,6
2016-04-16,9,21,多云~晴,东北风 微风 ,东北风 微风 ,15.0,12
2016-04-17,13,25,多云~小雨,西南风 微风 ,西南风 微风 ,19.0,12
2016-04-18,13,25,多云~小雨,西南风 微风 ,西南风 微风 ,19.0,12
2016-04-19,13,25,多云~小雨,西南风 微风 ,西南风 微风 ,19.0,12
2016-04-20,13,27,多云~晴,东北风 微风 ,东北风 微风 ,20.0,14
2016-04-21,13,28,多云~阴,东北风 微风 ,东北风 微风 ,20.5,15
2016-04-22,15,27,多云~小雨,东风 微风 ,东风 微风 ,21.0,12
2016-04-23,13,24,多云,东风 微风 ,东风 微风 ,18.5,11
2016-04-24,13,24,多云,东风 微风 ,东风 微风 ,18.5,11
2016-04-25,15,25,多云,东风 微风 ,东风 微风 ,20.0,10
2016-04-26,15,25,多云,东风 微风 ,东风 微风 ,20.0,10
2016-04-27,14,29,晴,东北风 微风 ,东北风 微风 ,21.5,15
2016-04-28,14,29,晴,东北风 微风 ,东北风 微风 ,21.5,15
2016-04-29,27,14,晴,暂无实况,,20.5,13
2016-04-30,27,14,晴,暂无实况,,20.5,13
2016-03-01,3,13,晴,东北风 微风 ,东北风 微风 ,8.0,10
2016-03-02,4,17,阴~多云,西北风 微风 ,西北风 微风 ,10.5,13
2016-03-03,4,17,阴~多云,西北风 微风 ,西北风 微风 ,10.5,13
2016-03-04,4,17,阴~多云,西北风 微风 ,西北风 微风 ,10.5,13
2016-03-05,7,16,多云,东北风 微风 ,东北风 微风 ,11.5,9
2016-03-06,7,16,多云,东北风 微风 ,东北风 微风 ,11.5,9
2016-03-07,3,15,晴~多云,,,9.0,12
2016-03-08,3,15,晴~多云,,,9.0,12
2016-03-09,1,12,晴~多云,东北风 微风 ,东北风 微风 ,6.5,11
2016-03-10,1,12,晴~多云,东北风 微风 ,东北风 微风 ,6.5,11
2016-03-11,1,12,晴~多云,东北风 微风 ,东北风 微风 ,6.5,11
2016-03-12,4,13,多云,东北风 微风 ,东北风 微风 ,8.5,9
2016-03-13,6,15,多云~阴,东风 微风 ,东风 微风 ,10.5,9
2016-03-14,6,15,多云~阴,东风 微风 ,东风 微风 ,10.5,9
2016-03-15,6,15,多云~阴,东风 微风 ,东风 微风 ,10.5,9
2016-03-16,6,16,霾~阴,东北风 微风 ,东北风 微风 ,11.0,10
2016-03-17,6,16,霾~阴,东北风 微风 ,东北风 微风 ,11.0,10
2016-03-18,7,19,霾~晴,东北风 微风 ,东北风 微风 ,13.0,12
2016-03-19,11,20,霾~阴,东北风 微风 ,东北风 微风 ,15.5,9
2016-03-20,10,13,阴,西南风 微风 ,西南风 微风 ,11.5,3
2016-03-21,10,13,阴,西南风 微风 ,西南风 微风 ,11.5,3
2016-03-22,10,13,阴,西南风 微风 ,西南风 微风 ,11.5,3
2016-03-23,8,12,阴~小雨,西南风 微风 ,西南风 微风 ,10.0,4
2016-03-24,6,15,小雨,东风 微风 ,东风 微风 ,10.5,9
2016-03-25,5,20,晴~多云,东北风 微风 ,东北风 微风 ,12.5,15
2016-03-26,5,20,晴~多云,东北风 微风 ,东北风 微风 ,12.5,15
2016-03-27,5,20,晴~多云,东北风 微风 ,东北风 微风 ,12.5,15
2016-03-28,12,26,晴,东北风 微风 ,东北风 微风 ,19.0,14
2016-03-29,12,26,晴,东北风 微风 ,东北风 微风 ,19.0,14
2016-03-30,12,26,晴,东北风 微风 ,东北风 微风 ,19.0,14
2016-03-31,12,26,晴,东北风 微风 ,东北风 微风 ,19.0,14
2016-02-01,-5,2,多云~晴,东北风 微风 ,东北风 微风 ,-1.5,7
2016-02-02,-2,5,阴,东北风 微风 ,东北风 微风 ,1.5,7
2016-02-03,-2,5,阴,东北风 微风 ,东北风 微风 ,1.5,7
2016-02-04,-1,9,多云,东北风 微风 ,东北风 微风 ,4.0,10
2016-02-05,-2,7,晴,西北风 微风 ,西北风 微风 ,2.5,9
2016-02-06,-2,7,晴,西北风 微风 ,西北风 微风 ,2.5,9
2016-02-07,0,14,霾,东北风 微风 ,东北风 微风 ,7.0,14
2016-02-08,0,14,霾,东北风 微风 ,东北风 微风 ,7.0,14
2016-02-09,1,13,霾,东北风 微风 ,东北风 微风 ,7.0,12
2016-02-10,3,10,阴,西南风 微风 ,西南风 微风 ,6.5,7
2016-02-11,1,8,小雨,西风 微风 ,西风 微风 ,4.5,7
2016-02-12,1,8,小雨,西风 微风 ,西风 微风 ,4.5,7
2016-02-13,-4,3,阴~晴,西风 微风 ,西风 微风 ,-0.5,7
2016-02-14,-4,3,阴~晴,西风 微风 ,西风 微风 ,-0.5,7
2016-02-15,0,10,多云~晴,东北风 微风 ,东北风 微风 ,5.0,10
2016-02-16,0,10,多云~晴,东北风 微风 ,东北风 微风 ,5.0,10
2016-02-17,0,10,多云~晴,东北风 微风 ,东北风 微风 ,5.0,10
2016-02-18,1,10,多云,东北风 微风 ,东北风 微风 ,5.5,9
2016-02-19,-2,8,晴~多云,西北风 微风 ,西北风 微风 ,3.0,10
2016-02-20,-2,8,晴~多云,西北风 微风 ,西北风 微风 ,3.0,10
2016-02-21,0,4,小雨~多云,西南风 微风 ,西南风 微风 ,2.0,4
2016-02-22,3,17,晴,西风 微风 ,西风 微风 ,10.0,14
2016-02-23,3,17,晴,西风 微风 ,西风 微风 ,10.0,14
2016-02-24,3,17,晴,西风 微风 ,西风 微风 ,10.0,14
2016-02-25,3,17,晴,西风 微风 ,西风 微风 ,10.0,14
2016-02-26,3,17,晴,西风 微风 ,西风 微风 ,10.0,14
2016-02-27,3,13,晴,东北风 微风 ,东北风 微风 ,8.0,10
2016-02-28,3,13,晴,东北风 微风 ,东北风 微风 ,8.0,10
2016-02-29,3,13,晴,东北风 微风 ,东北风 微风 ,8.0,10
2016-01-01,1,12,霾,东北风 微风 ,东北风 微风 ,6.5,11
2016-01-02,1,12,霾,东北风 微风 ,东北风 微风 ,6.5,11
2016-01-03,2,10,霾~晴,东北风 微风 ,东北风 微风 ,6.0,8
2016-01-04,2,10,霾~晴,东北风 微风 ,东北风 微风 ,6.0,8
2016-01-05,-1,4,霾~多云,东北风 微风 ,东北风 微风 ,1.5,5
2016-01-06,-1,4,霾~多云,东北风 微风 ,东北风 微风 ,1.5,5
2016-01-07,-2,4,霾~阴,东北风 微风 ,东北风 微风 ,1.0,6
2016-01-08,-2,4,霾~阴,东北风 微风 ,东北风 微风 ,1.0,6
2016-01-09,-2,4,霾~阴,东北风 微风 ,东北风 微风 ,1.0,6
2016-01-10,-2,2,小雪~阴,西南风 微风 ,西南风 微风 ,0.0,4
2016-01-11,-2,2,小雪~阴,西南风 微风 ,西南风 微风 ,0.0,4
2016-01-12,-2,2,小雪~阴,西南风 微风 ,西南风 微风 ,0.0,4
2016-01-13,-4,7,晴~多云,东北风 微风 ,东北风 微风 ,1.5,11
2016-01-14,-4,7,晴~多云,东北风 微风 ,东北风 微风 ,1.5,11
2016-01-15,-4,7,晴~多云,东北风 微风 ,东北风 微风 ,1.5,11
2016-01-16,-3,7,晴,东北风 微风 ,东北风 微风 ,2.0,10
2016-01-17,-3,7,晴,东北风 微风 ,东北风 微风 ,2.0,10
2016-01-18,-5,2,阴~小雪,东北风 微风 ,东北风 微风 ,-1.5,7
2016-01-19,-5,2,阴~小雪,东北风 微风 ,东北风 微风 ,-1.5,7
2016-01-20,-3,2,阴,东北风 微风 ,东北风 微风 ,-0.5,5
2016-01-21,-7,2,阴~多云,西南风 微风 ,西南风 微风 ,-2.5,9
2016-01-22,-7,2,阴~多云,西南风 微风 ,西南风 微风 ,-2.5,9
2016-01-23,-12,-2,晴,西风 微风 ,西风 微风 ,-7.0,10
2016-01-24,-12,-2,晴,西风 微风 ,西风 微风 ,-7.0,10
2016-01-25,-7,2,晴,东北风 微风 ,东北风 微风 ,-2.5,9
2016-01-26,-7,2,晴,东北风 微风 ,东北风 微风 ,-2.5,9
2016-01-27,-4,2,多云~阴,东北风 微风 ,东北风 微风 ,-1.0,6
2016-01-28,-1,3,阴~小雪,西南风 微风 ,西南风 微风 ,1.0,4
2016-01-29,-1,3,阴~小雪,西南风 微风 ,西南风 微风 ,1.0,4
2016-01-30,-1,3,阴~小雪,西南风 微风 ,西南风 微风 ,1.0,4
2016-01-31,-5,2,多云~晴,东北风 微风 ,东北风 微风 ,-1.5,7
2015-12-01,4,13,多云,东北风 微风 ,东北风 微风 ,8.5,9
2015-12-02,-1,9,晴~多云,东北风 微风 ,东北风 微风 ,4.0,10
2015-12-03,-1,9,晴~多云,东北风 微风 ,东北风 微风 ,4.0,10
2015-12-04,2,8,阴,东风 微风 ,东风 微风 ,5.0,6
2015-12-05,2,8,阴,东风 微风 ,东风 微风 ,5.0,6
2015-12-06,1,10,晴~阴,东北风 微风 ,东北风 微风 ,5.5,9
2015-12-07,1,10,晴~阴,东北风 微风 ,东北风 微风 ,5.5,9
2015-12-08,2,8,霾,东北风 微风 ,东北风 微风 ,5.0,6
2015-12-09,2,6,阴~小雨,东风 微风 ,东风 微风 ,4.0,4
2015-12-10,2,6,阴~小雨,东风 微风 ,东风 微风 ,4.0,4
2015-12-11,2,6,阴~小雨,东风 微风 ,东风 微风 ,4.0,4
2015-12-12,1,5,小雨,西南风 微风 ,西南风 微风 ,3.0,4
2015-12-13,0,7,小雨~多云,西北风 微风 ,西北风 微风 ,3.5,7
2015-12-14,-4,7,晴,东北风 微风 ,东北风 微风 ,1.5,11
2015-12-15,-4,7,晴,东北风 微风 ,东北风 微风 ,1.5,11
2015-12-16,-4,3,晴~多云,东北风 微风 ,东北风 微风 ,-0.5,7
2015-12-17,-4,3,晴~多云,东北风 微风 ,东北风 微风 ,-0.5,7
2015-12-18,1,8,阴,西风 微风 ,西风 微风 ,4.5,7
2015-12-19,1,8,阴,西风 微风 ,西风 微风 ,4.5,7
2015-12-20,1,8,阴,西风 微风 ,西风 微风 ,4.5,7
2015-12-21,-1,3,霾,东北风 微风 ,东北风 微风 ,1.0,4
2015-12-22,-1,3,霾,东北风 微风 ,东北风 微风 ,1.0,4
2015-12-23,-1,12,晴,东风 微风 ,东风 微风 ,5.5,13
2015-12-24,-1,12,晴,东风 微风 ,东风 微风 ,5.5,13
2015-12-25,-1,12,晴,东风 微风 ,东风 微风 ,5.5,13
2015-12-26,-2,10,晴,东北风 微风 ,东北风 微风 ,4.0,12
2015-12-27,-2,10,晴,东北风 微风 ,东北风 微风 ,4.0,12
2015-12-28,-1,7,霾,东北风 微风 ,东北风 微风 ,3.0,8
2015-12-29,-1,7,霾,东北风 微风 ,东北风 微风 ,3.0,8
2015-12-30,-2,10,晴,东北风 微风 ,东北风 微风 ,4.0,12
2015-12-31,-2,9,霾~多云,东北风 微风 ,东北风 微风 ,3.5,11
2015-11-01,6,15,晴~多云,东风 微风 ,东风 微风 ,10.5,9
2015-11-02,6,15,晴~多云,东风 微风 ,东风 微风 ,10.5,9
2015-11-03,18,25,阴~中雨,东南风 3-4级 ,东南风 3-4级 ,21.5,7
2015-11-04,18,25,阴~中雨,东南风 3-4级 ,东南风 3-4级 ,21.5,7
2015-11-05,18,25,阴~中雨,东南风 3-4级 ,东南风 3-4级 ,21.5,7
2015-11-06,18,25,阴~中雨,东南风 3-4级 ,东南风 3-4级 ,21.5,7
2015-11-07,8,13,多云~阴,东北风 微风 ,东北风 微风 ,10.5,5
2015-11-08,8,13,多云~阴,东北风 微风 ,东北风 微风 ,10.5,5
2015-11-09,8,13,多云~阴,东北风 微风 ,东北风 微风 ,10.5,5
2015-11-10,9,12,小雨,西南风 微风 ,西南风 微风 ,10.5,3
2015-11-11,7,10,小雨~多云,东风 微风 ,东风 微风 ,8.5,3
2015-11-12,7,10,小雨~多云,东风 微风 ,东风 微风 ,8.5,3
2015-11-13,7,14,阴~多云,无持续风向 微风 ,无持续风向 微风 ,10.5,7
2015-11-14,7,14,阴~多云,无持续风向 微风 ,无持续风向 微风 ,10.5,7
2015-11-15,7,14,阴~多云,无持续风向 微风 ,无持续风向 微风 ,10.5,7
2015-11-16,7,13,多云~阴,西南风 微风 ,西南风 微风 ,10.0,6
2015-11-17,11,15,阴,东风 微风 ,东风 微风 ,13.0,4
2015-11-18,11,15,阴,东风 微风 ,东风 微风 ,13.0,4
2015-11-19,11,15,阴,东风 微风 ,东风 微风 ,13.0,4
2015-11-20,11,15,阴,东风 微风 ,东风 微风 ,13.0,4
2015-11-21,8,10,阴,东风 微风 ,东风 微风 ,9.0,2
2015-11-22,8,10,阴,东风 微风 ,东风 微风 ,9.0,2
2015-11-23,1,5,小雨~多云,西北风 微风 ,西北风 微风 ,3.0,4
2015-11-24,1,5,小雨~多云,西北风 微风 ,西北风 微风 ,3.0,4
2015-11-25,-1,11,晴,西北风 微风 ,西北风 微风 ,5.0,12
2015-11-26,1,11,晴~多云,东北风 微风 ,东北风 微风 ,6.0,10
2015-11-27,1,11,晴~多云,东北风 微风 ,东北风 微风 ,6.0,10
2015-11-28,4,13,多云,东北风 微风 ,东北风 微风 ,8.5,9
2015-11-29,4,13,多云,东北风 微风 ,东北风 微风 ,8.5,9
2015-11-30,4,13,多云,东北风 微风 ,东北风 微风 ,8.5,9
2015-10-01,11,20,晴,北风微风 ,北风微风 ,15.5,9
2015-10-02,12,20,阴,东风微风 ,东风微风 ,16.0,8
2015-10-03,12,20,阴,东风微风 ,东风微风 ,16.0,8
2015-10-04,13,21,阴~多云,东风微风 ,东风微风 ,17.0,8
2015-10-05,14,18,小雨,东北风微风 ,东北风微风 ,16.0,4
2015-10-06,14,18,小雨,东北风微风 ,东北风微风 ,16.0,4
2015-10-07,11,24,多云,西风微风 ,西风微风 ,17.5,13
2015-10-08,9,18,多云~晴,北风3-4级 ,北风3-4级 ,13.5,9
2015-10-09,10,23,晴,东北风微风 ,东北风微风 ,16.5,13
2015-10-10,10,23,晴,东北风微风 ,东北风微风 ,16.5,13
2015-10-11,12,22,多云,东北风微风 ,东北风微风 ,17.0,10
2015-10-12,12,22,多云,东北风微风 ,东北风微风 ,17.0,10
2015-10-13,12,22,多云,东北风微风 ,东北风微风 ,17.0,10
2015-10-14,14,25,晴~多云,东北风微风 ,东北风微风 ,19.5,11
2015-10-15,14,25,晴~多云,东北风微风 ,东北风微风 ,19.5,11
2015-10-16,14,25,晴~多云,东北风微风 ,东北风微风 ,19.5,11
2015-10-17,15,24,阴~阵雨,西南风微风 ,西南风微风 ,19.5,9
2015-10-18,15,24,阴~阵雨,西南风微风 ,西南风微风 ,19.5,9
2015-10-19,14,25,多云~晴,东北风微风 ,东北风微风 ,19.5,11
2015-10-20,14,25,霾,东北风微风 ,东北风微风 ,19.5,11
2015-10-21,14,19,阴~小雨,东风 微风 ,东风 微风 ,16.5,5
2015-10-22,14,19,阴~小雨,东风 微风 ,东风 微风 ,16.5,5
2015-10-23,14,19,阴~小雨,东风 微风 ,东风 微风 ,16.5,5
2015-10-24,8,15,小雨~晴,东风 微风 ,东风 微风 ,11.5,7
2015-10-25,8,15,小雨~晴,东风 微风 ,东风 微风 ,11.5,7
2015-10-26,8,15,小雨~晴,东风 微风 ,东风 微风 ,11.5,7
2015-10-27,9,15,多云~阴,东北风 微风 ,东北风 微风 ,12.0,6
2015-10-28,9,12,阴~小雨,东风 微风 ,东风 微风 ,10.5,3
2015-10-29,9,12,阴~小雨,东风 微风 ,东风 微风 ,10.5,3
2015-10-30,9,12,阴~小雨,东风 微风 ,东风 微风 ,10.5,3
2015-10-31,6,11,小雨~多云,西南风 微风 ,西南风 微风 ,8.5,5
2015-09-01,22,29,多云~阴,东北风微风 ,东北风微风 ,25.5,7
2015-09-02,22,29,多云~阴,东北风微风 ,东北风微风 ,25.5,7
2015-09-03,20,32,晴,东北风微风 ,东北风微风 ,26.0,12
2015-09-04,20,32,晴,东北风微风 ,东北风微风 ,26.0,12
2015-09-05,20,32,晴,东北风微风 ,东北风微风 ,26.0,12
2015-09-06,21,30,多云~阴,东风微风 ,东风微风 ,25.5,9
2015-09-07,21,30,多云~阴,东风微风 ,东风微风 ,25.5,9
2015-09-08,17,21,中雨~多云,西南风微风 ,西南风微风 ,19.0,4
2015-09-09,17,21,中雨~多云,西南风微风 ,西南风微风 ,19.0,4
2015-09-10,17,21,中雨~多云,西南风微风 ,西南风微风 ,19.0,4
2015-09-11,15,25,晴~多云,东北风微风 ,东北风微风 ,20.0,10
2015-09-12,15,25,晴~多云,东北风微风 ,东北风微风 ,20.0,10
2015-09-13,18,25,小雨~小到中雨,西南风微风 ,西南风微风 ,21.5,7
2015-09-14,18,25,小雨~小到中雨,西南风微风 ,西南风微风 ,21.5,7
2015-09-15,18,25,小雨~小到中雨,西南风微风 ,西南风微风 ,21.5,7
2015-09-16,18,25,小雨~小到中雨,西南风微风 ,西南风微风 ,21.5,7
2015-09-17,17,27,阴~多云,东风微风 ,东风微风 ,22.0,10
2015-09-18,17,27,阴~多云,东风微风 ,东风微风 ,22.0,10
2015-09-19,17,27,阴~多云,东风微风 ,东风微风 ,22.0,10
2015-09-20,18,28,阴,东风微风 ,东风微风 ,23.0,10
2015-09-21,18,28,阴,东风微风 ,东风微风 ,23.0,10
2015-09-22,14,22,小雨~多云,东风微风 ,东风微风 ,18.0,8
2015-09-23,15,25,阴~小到中雨,东风微风 ,东风微风 ,20.0,10
2015-09-24,19,26,阴~小雨,东北风微风 ,东北风微风 ,22.5,7
2015-09-25,11,20,晴,北风微风 ,北风微风 ,15.5,9
2015-09-26,11,20,晴,北风微风 ,北风微风 ,15.5,9
2015-09-27,11,20,晴,北风微风 ,北风微风 ,15.5,9
2015-09-28,11,20,晴,北风微风 ,北风微风 ,15.5,9
2015-09-29,11,20,晴,北风微风 ,北风微风 ,15.5,9
2015-09-30,11,20,晴,北风微风 ,北风微风 ,15.5,9
2015-08-01,27,34,阴~晴,南风微风 ,南风微风 ,30.5,7
2015-08-02,28,37,晴,西南风3-4级 ,西南风3-4级 ,32.5,9
2015-08-03,29,37,晴,西南风4-5级 ,西南风4-5级 ,33.0,8
2015-08-04,29,37,晴,西南风4-5级 ,西南风4-5级 ,33.0,8
2015-08-05,26,35,雷阵雨~多云,东南风3-4级 ,东南风3-4级 ,30.5,9
2015-08-06,26,35,雷阵雨~多云,东南风3-4级 ,东南风3-4级 ,30.5,9
2015-08-07,23,31,阴,东南风微风 ,东南风微风 ,27.0,8
2015-08-08,23,31,阴,东南风微风 ,东南风微风 ,27.0,8
2015-08-09,22,30,小雨,西南风微风 ,西南风微风 ,26.0,8
2015-08-10,23,31,小雨,东风微风 ,东风微风 ,27.0,8
2015-08-11,23,31,小雨,东风微风 ,东风微风 ,27.0,8
2015-08-12,23,30,多云,南风微风 ,南风微风 ,26.5,7
2015-08-13,23,30,多云,南风微风 ,南风微风 ,26.5,7
2015-08-14,20,28,小雨~多云,东南风微风 ,东南风微风 ,24.0,8
2015-08-15,20,29,阴,西南风微风 ,西南风微风 ,24.5,9
2015-08-16,20,29,阴,西南风微风 ,西南风微风 ,24.5,9
2015-08-17,20,29,阴,西南风微风 ,西南风微风 ,24.5,9
2015-08-18,20,29,阴,西南风微风 ,西南风微风 ,24.5,9
2015-08-19,20,29,阴,西南风微风 ,西南风微风 ,24.5,9
2015-08-20,20,33,晴,东北风微风 ,东北风微风 ,26.5,13
2015-08-21,20,33,晴,东北风微风 ,东北风微风 ,26.5,13
2015-08-22,21,34,多云~阴,东北风微风 ,东北风微风 ,27.5,13
2015-08-23,18,31,多云,东北风微风 ,东北风微风 ,24.5,13
2015-08-24,18,31,多云,东北风微风 ,东北风微风 ,24.5,13
2015-08-25,20,32,晴,东北风微风 ,东北风微风 ,26.0,12
2015-08-26,20,33,多云,东北风微风 ,东北风微风 ,26.5,13
2015-08-27,20,33,多云,东北风微风 ,东北风微风 ,26.5,13
2015-08-28,21,31,多云,东北风微风 ,东北风微风 ,26.0,10
2015-08-29,21,31,多云,东北风微风 ,东北风微风 ,26.0,10
2015-08-30,21,30,阵雨~多云,东北风微风 ,东北风微风 ,25.5,9
2015-08-31,21,30,阵雨~多云,东北风微风 ,东北风微风 ,25.5,9
2015-07-01,19,32,多云~雷阵雨,,,25.5,13
2015-07-02,18,33,晴,,,25.5,15
2015-07-03,18,33,晴~多云,,,25.5,15
2015-07-04,18,33,晴~多云,,,25.5,15
2015-07-05,20,34,晴~阴,,,27.0,14
2015-07-06,20,34,晴~阴,,,27.0,14
2015-07-07,21,34,晴~多云,东北风微风 ,东北风微风 ,27.5,13
2015-07-08,21,34,晴~多云,东北风微风 ,东北风微风 ,27.5,13
2015-07-09,22,32,多云,东北风微风 ,东北风微风 ,27.0,10
2015-07-10,22,32,多云,东北风微风 ,东北风微风 ,27.0,10
2015-07-11,22,34,晴,东风微风 ,东风微风 ,28.0,12
2015-07-12,24,35,多云,东北风微风 ,东北风微风 ,29.5,11
2015-07-13,24,35,多云,东北风微风 ,东北风微风 ,29.5,11
2015-07-14,21,31,多云,东风微风 ,东风微风 ,26.0,10
2015-07-15,21,31,多云,东风微风 ,东风微风 ,26.0,10
2015-07-16,21,31,多云,东风微风 ,东风微风 ,26.0,10
2015-07-17,22,34,阴~多云,东风微风 ,东风微风 ,28.0,12
2015-07-18,22,34,阴~多云,东风微风 ,东风微风 ,28.0,12
2015-07-19,22,31,多云,东北风微风 ,东北风微风 ,26.5,9
2015-07-20,23,34,多云,东风微风 ,东风微风 ,28.5,11
2015-07-21,22,33,小雨~阴,西南风微风 ,西南风微风 ,27.5,11
2015-07-22,22,33,小雨~阴,西南风微风 ,西南风微风 ,27.5,11
2015-07-23,26,37,晴,东北风微风 ,东北风微风 ,31.5,11
2015-07-24,26,37,晴,东北风微风 ,东北风微风 ,31.5,11
2015-07-25,26,37,晴,东北风微风 ,东北风微风 ,31.5,11
2015-07-26,26,37,晴,东北风微风 ,东北风微风 ,31.5,11
2015-07-27,27,37,晴~多云,西南风3-4级 ,西南风3-4级 ,32.0,10
2015-07-28,27,37,晴~多云,西南风3-4级 ,西南风3-4级 ,32.0,10
2015-07-29,27,37,晴~多云,西南风3-4级 ,西南风3-4级 ,32.0,10
2015-07-30,27,34,阴~晴,南风微风 ,南风微风 ,30.5,7
2015-07-31,27,34,阴~晴,南风微风 ,南风微风 ,30.5,7
2015-06-01,23,31,晴~阴,东南3-4级,东南3-4级,27.0,8
2015-06-02,19,24,多云,东北4-5级,东北4-5级,21.5,5
2015-06-03,16,25,多云,东南2-3级,东南2-3级,20.5,9
2015-06-04,20,34,晴~多云,,,27.0,14
2015-06-05,20,34,晴~多云,,,27.0,14
2015-06-06,19,32,晴,,,25.5,13
2015-06-07,20,34,晴~阴,,,27.0,14
2015-06-08,20,34,晴~阴,,,27.0,14
2015-06-09,21,32,多云,,,26.5,11
2015-06-10,21,32,多云,,,26.5,11
2015-06-11,21,31,多云~晴,,,26.0,10
2015-06-12,21,31,多云~晴,,,26.0,10
2015-06-13,21,34,晴~阴,,,27.5,13
2015-06-14,21,29,晴~阵雨,,,25.0,8
2015-06-15,21,29,晴~阵雨,,,25.0,8
2015-06-16,21,27,大暴雨,,,24.0,6
2015-06-17,21,27,大暴雨,,,24.0,6
2015-06-18,21,27,大暴雨,,,24.0,6
2015-06-19,22,36,晴~多云,东北偏东2-3级,东北偏东2-3级,29.0,14
2015-06-20,23,34,多云,,,28.5,11
2015-06-21,23,34,多云,,,28.5,11
2015-06-22,24,33,多云~阴,,,28.5,9
2015-06-23,24,33,多云~阴,,,28.5,9
2015-06-24,20,33,多云,,,26.5,13
2015-06-25,20,33,多云,,,26.5,13
2015-06-26,20,33,多云,,,26.5,13
2015-06-27,20,33,多云,,,26.5,13
2015-06-28,19,32,多云~雷阵雨,,,25.5,13
2015-06-29,19,32,多云~雷阵雨,,,25.5,13
2015-06-30,19,32,多云~雷阵雨,,,25.5,13
2015-05-01,14,21,,西北3-4级,西北3-4级,17.5,7
2015-05-02,14,21,,西北3-4级,西北3-4级,17.5,7
2015-05-03,14,21,,西北3-4级,西北3-4级,17.5,7
2015-05-04,15,25,多云~阴,东南3-4级,东南3-4级,20.0,10
2015-05-05,15,25,多云~阴,东南3-4级,东南3-4级,20.0,10
2015-05-06,15,24,多云~阴,东南2-3级,东南2-3级,19.5,9
2015-05-07,15,26,阵雨,东南3-4级,东南3-4级,20.5,11
2015-05-08,15,26,阵雨,东南3-4级,东南3-4级,20.5,11
2015-05-09,16,31,晴,西南3-4级,西南3-4级,23.5,15
2015-05-10,18,31,晴~多云,,,24.5,13
2015-05-11,18,31,晴~多云,,,24.5,13
2015-05-12,18,31,晴~多云,,,24.5,13
2015-05-13,18,31,晴~多云,,,24.5,13
2015-05-14,18,31,晴~多云,,,24.5,13
2015-05-15,17,26,晴~多云,,,21.5,9
2015-05-16,17,26,晴~多云,,,21.5,9
2015-05-17,17,26,晴~多云,,,21.5,9
2015-05-18,16,28,晴~阴,,,22.0,12
2015-05-19,16,28,晴~阴,,,22.0,12
2015-05-20,20,30,多云~晴,,,25.0,10
2015-05-21,20,30,多云~晴,,,25.0,10
2015-05-22,18,26,多云,东南2-3级,东南2-3级,22.0,8
2015-05-23,18,29,晴~阴,东南3-4级,东南3-4级,23.5,11
2015-05-24,18,29,晴~阴,东南3-4级,东南3-4级,23.5,11
2015-05-25,18,29,晴~阴,东南3-4级,东南3-4级,23.5,11
2015-05-26,19,28,多云~阴,东南3-4级,东南3-4级,23.5,9
2015-05-27,20,25,多云,东北3-4级,东北3-4级,22.5,5
2015-05-28,20,25,多云,东北3-4级,东北3-4级,22.5,5
2015-05-29,20,25,多云,东北3-4级,东北3-4级,22.5,5
2015-05-30,16,26,多云~阴,东北偏东2-3级,东北偏东2-3级,21.0,10
2015-05-31,19,29,晴~阴,东南3-4级,东南3-4级,24.0,10
2015-03-01,1,6,多云,东北偏东2-3级,东北偏东2-3级,3.5,5
2015-03-02,1,6,多云,东北偏东2-3级,东北偏东2-3级,3.5,5
2015-03-03,1,6,多云,东北偏东2-3级,东北偏东2-3级,3.5,5
2015-03-04,1,6,多云,东北偏东2-3级,东北偏东2-3级,3.5,5
2015-03-05,1,6,多云,东北偏东2-3级,东北偏东2-3级,3.5,5
2015-03-06,2,9,,东南3-4级,东南3-4级,5.5,7
2015-03-07,2,9,,东南3-4级,东南3-4级,5.5,7
2015-03-08,5,9,晴~阵雨,西北3-4级,西北3-4级,7.0,4
2015-03-09,3,13,晴~阴,东北偏东2-3级,东北偏东2-3级,8.0,10
2015-03-10,1,12,晴~阴,西南2-3级,西南2-3级,6.5,11
2015-03-11,1,12,晴~阴,西南2-3级,西南2-3级,6.5,11
2015-03-12,1,12,晴~阴,西南2-3级,西南2-3级,6.5,11
2015-03-13,9,15,多云,东北偏东3-4级,东北偏东3-4级,12.0,6
2015-03-14,9,15,多云,东北偏东3-4级,东北偏东3-4级,12.0,6
2015-03-15,6,19,多云~晴,,,12.5,13
2015-03-16,9,16,阵雨~雷阵雨,西北偏西4-5级,西北偏西4-5级,12.5,7
2015-03-17,9,16,阵雨~雷阵雨,西北偏西4-5级,西北偏西4-5级,12.5,7
2015-03-18,6,19,多云~晴,东南1-2级,东南1-2级,12.5,13
2015-03-19,6,19,多云~晴,东南1-2级,东南1-2级,12.5,13
2015-03-20,6,19,多云~晴,东南1-2级,东南1-2级,12.5,13
2015-03-21,7,20,多云,西南2-3级,西南2-3级,13.5,13
2015-03-22,7,20,多云,西南2-3级,西南2-3级,13.5,13
2015-03-23,9,18,多云~晴,东南1-2级,东南1-2级,13.5,9
2015-03-24,9,18,多云~晴,东南1-2级,东南1-2级,13.5,9
2015-03-25,9,18,多云~晴,东南1-2级,东南1-2级,13.5,9
2015-03-26,9,18,多云~晴,东南1-2级,东南1-2级,13.5,9
2015-03-27,9,18,多云~晴,东南1-2级,东南1-2级,13.5,9
2015-03-28,9,18,多云~晴,东南1-2级,东南1-2级,13.5,9
2015-03-29,16,21,多云,东南4-5级,东南4-5级,18.5,5
2015-03-30,16,21,多云,东南4-5级,东南4-5级,18.5,5
2015-03-31,15,23,晴~阵雨,东北4-5级,东北4-5级,19.0,8
2015-02-01,-5,8,晴~多云,,,1.5,13
2015-02-02,-5,8,晴~多云,,,1.5,13
2015-02-03,-4,8,晴,,,2.0,12
2015-02-04,-4,8,晴,,,2.0,12
2015-02-05,-1,6,多云,西南2-3级,西南2-3级,2.5,7
2015-02-06,-1,6,多云,西南2-3级,西南2-3级,2.5,7
2015-02-07,-1,6,多云,西南2-3级,西南2-3级,2.5,7
2015-02-08,-1,6,多云,西南2-3级,西南2-3级,2.5,7
2015-02-09,-1,6,多云,西南2-3级,西南2-3级,2.5,7
2015-02-10,-1,6,多云,西南2-3级,西南2-3级,2.5,7
2015-02-11,-1,6,多云,西南2-3级,西南2-3级,2.5,7
2015-02-12,-1,6,多云,西南2-3级,西南2-3级,2.5,7
2015-02-13,-1,6,多云,西南2-3级,西南2-3级,2.5,7
2015-02-14,-1,6,多云,西南2-3级,西南2-3级,2.5,7
2015-02-15,-1,6,多云,西南2-3级,西南2-3级,2.5,7
2015-02-16,-1,6,多云,西南2-3级,西南2-3级,2.5,7
2015-02-17,-1,6,多云,西南2-3级,西南2-3级,2.5,7
2015-02-18,-2,12,晴~阴,东北偏东3-4级,东北偏东3-4级,5.0,14
2015-02-19,8,10,小雨,东南3-4级,东南3-4级,9.0,2
2015-02-20,8,10,小雨,东南3-4级,东南3-4级,9.0,2
2015-02-21,-1,6,冻雨,,,2.5,7
2015-02-22,-1,6,冻雨,,,2.5,7
2015-02-23,-1,6,冻雨,,,2.5,7
2015-02-24,3,6,冻雨,东北偏东4-5级,东北偏东4-5级,4.5,3
2015-02-25,3,6,冻雨,东北偏东4-5级,东北偏东4-5级,4.5,3
2015-02-26,3,6,冻雨,东北偏东4-5级,东北偏东4-5级,4.5,3
2015-02-27,3,6,冻雨,东北偏东4-5级,东北偏东4-5级,4.5,3
2015-02-28,1,6,多云,东北偏东2-3级,东北偏东2-3级,3.5,5
2014-12-01,-4,9,晴~多云,北3-4级,北3-4级,2.5,13
2014-12-02,-1,8,多云~阴,,,3.5,9
2014-12-03,-1,8,多云~阴,,,3.5,9
2014-12-04,-3,8,晴,南3-4级,南3-4级,2.5,11
2014-12-05,-3,8,晴,南3-4级,南3-4级,2.5,11
2014-12-06,-4,8,多云,西2-3级,西2-3级,2.0,12
2014-12-07,0,12,多云~晴,西北2-3级,西北2-3级,6.0,12
2014-12-08,-3,8,多云~阴,西北3-4级,西北3-4级,2.5,11
2014-12-09,-3,8,多云~阴,西北3-4级,西北3-4级,2.5,11
2014-12-10,-3,8,多云~阴,西北3-4级,西北3-4级,2.5,11
2014-12-11,-3,8,多云~阴,西北3-4级,西北3-4级,2.5,11
2014-12-12,-3,8,晴,西北偏西3-4级,西北偏西3-4级,2.5,11
2014-12-13,-4,7,晴,东北2-3级,东北2-3级,1.5,11
2014-12-14,-4,7,晴,东北2-3级,东北2-3级,1.5,11
2014-12-15,-5,8,晴,东北2-3级,东北2-3级,1.5,13
2014-12-16,-4,7,晴,东北2-3级,东北2-3级,1.5,11
2014-12-17,-6,9,晴,东北2-3级,东北2-3级,1.5,15
2014-12-18,-5,8,晴,东北2-3级,东北2-3级,1.5,13
2014-12-19,-5,8,晴,东北2-3级,东北2-3级,1.5,13
2014-12-20,-7,5,晴,东北1-2级,东北1-2级,-1.0,12
2014-12-21,-6,4,晴,东北1-2级,东北1-2级,-1.0,10
2014-12-22,0,11,多云~阴,西3-4级,西3-4级,5.5,11
2014-12-23,0,11,多云~阴,西3-4级,西3-4级,5.5,11
2014-12-24,-3,4,多云,西北偏西2-3级,西北偏西2-3级,0.5,7
2014-12-25,-4,5,多云,西北偏西2-3级,西北偏西2-3级,0.5,9
2014-12-26,-6,3,冻雨,,,-1.5,9
2014-12-27,-1,7,多云~阴,,,3.0,8
2014-12-28,-2,8,多云~阴,,,3.0,10
2014-12-29,-3,13,晴,西北1-2级,西北1-2级,5.0,16
2014-12-30,-5,7,,西北4-5级,西北4-5级,1.0,12
2014-12-31,-5,7,,西北4-5级,西北4-5级,1.0,12
2014-11-01,2,15,晴~阴,东北1-2级,东北1-2级,8.5,13
2014-11-02,2,15,晴~阴,东北1-2级,东北1-2级,8.5,13
2014-11-03,2,15,晴~阴,东北1-2级,东北1-2级,8.5,13
2014-11-04,11,20,多云~阴,北3-4级,北3-4级,15.5,9
2014-11-05,11,20,多云~阴,北3-4级,北3-4级,15.5,9
2014-11-06,5,14,多云,东北2-3级,东北2-3级,9.5,9
2014-11-07,5,14,多云,东北2-3级,东北2-3级,9.5,9
2014-11-08,5,14,多云,东北2-3级,东北2-3级,9.5,9
2014-11-09,5,14,多云,东北2-3级,东北2-3级,9.5,9
2014-11-10,5,14,多云,东北2-3级,东北2-3级,9.5,9
2014-11-11,3,15,晴~阴,东北3-4级,东北3-4级,9.0,12
2014-11-12,3,15,晴~阴,东北3-4级,东北3-4级,9.0,12
2014-11-13,3,12,多云~阴,东南3-4级,东南3-4级,7.5,9
2014-11-14,2,13,晴~多云,东南1-2级,东南1-2级,7.5,11
2014-11-15,2,13,晴~多云,东南1-2级,东南1-2级,7.5,11
2014-11-16,2,13,晴~多云,东南1-2级,东南1-2级,7.5,11
2014-11-17,4,14,多云~阴,东南2-3级,东南2-3级,9.0,10
2014-11-18,4,14,多云~阴,东南2-3级,东南2-3级,9.0,10
2014-11-19,4,14,多云~阴,东南2-3级,东南2-3级,9.0,10
2014-11-20,8,18,多云~阴,东南3-4级,东南3-4级,13.0,10
2014-11-21,8,18,多云~阴,东南3-4级,东南3-4级,13.0,10
2014-11-22,12,19,多云,东北3-4级,东北3-4级,15.5,7
2014-11-23,12,19,多云,东北3-4级,东北3-4级,15.5,7
2014-11-24,7,15,多云~晴,东南3-4级,东南3-4级,11.0,8
2014-11-25,7,15,多云~晴,东南3-4级,东南3-4级,11.0,8
2014-11-26,7,15,多云~晴,东南3-4级,东南3-4级,11.0,8
2014-11-27,3,11,晴~阴,西北2-3级,西北2-3级,7.0,8
2014-11-28,3,11,晴~阴,西北2-3级,西北2-3级,7.0,8
2014-11-29,3,11,晴~阴,西北2-3级,西北2-3级,7.0,8
2014-11-30,3,11,晴~阴,西北2-3级,西北2-3级,7.0,8
2014-10-01,15,27,多云~阴,东北2-3级,东北2-3级,21.0,12
2014-10-02,15,27,多云~阴,东北2-3级,东北2-3级,21.0,12
2014-10-03,14,26,晴,东北3-4级,东北3-4级,20.0,12
2014-10-04,13,23,晴~阴,东北偏东3-4级,东北偏东3-4级,18.0,10
2014-10-05,13,23,晴~阴,东北偏东3-4级,东北偏东3-4级,18.0,10
2014-10-06,13,23,晴~阴,东北偏东3-4级,东北偏东3-4级,18.0,10
2014-10-07,13,23,晴~阴,东北偏东3-4级,东北偏东3-4级,18.0,10
2014-10-08,16,25,多云~阴,东北3-4级,东北3-4级,20.5,9
2014-10-09,16,25,多云~阴,东北3-4级,东北3-4级,20.5,9
2014-10-10,16,25,多云~阴,东北3-4级,东北3-4级,20.5,9
2014-10-11,16,27,晴~多云,东北2-3级,东北2-3级,21.5,11
2014-10-12,13,19,小雨,,,16.0,6
2014-10-13,13,19,小雨,,,16.0,6
2014-10-14,12,25,晴~多云,东南2-3级,东南2-3级,18.5,13
2014-10-15,12,25,晴~多云,东南2-3级,东南2-3级,18.5,13
2014-10-16,12,25,晴~多云,东南2-3级,东南2-3级,18.5,13
2014-10-17,12,25,晴~多云,东南2-3级,东南2-3级,18.5,13
2014-10-18,14,19,阵雨,东南2-3级,东南2-3级,16.5,5
2014-10-19,14,19,阵雨,东南2-3级,东南2-3级,16.5,5
2014-10-20,17,27,多云,东北偏东3-4级,东北偏东3-4级,22.0,10
2014-10-21,12,22,多云~阴,东北偏东3-4级,东北偏东3-4级,17.0,10
2014-10-22,12,22,多云~阴,东北偏东3-4级,东北偏东3-4级,17.0,10
2014-10-23,13,24,多云~晴,东南3-4级,东南3-4级,18.5,11
2014-10-24,14,25,晴,东南3-4级,东南3-4级,19.5,11
2014-10-25,14,28,晴,东北3-4级,东北3-4级,21.0,14
2014-10-26,14,28,晴,东北3-4级,东北3-4级,21.0,14
2014-10-27,14,16,多云,东南2-3级,东南2-3级,15.0,2
2014-10-28,14,16,多云,东南2-3级,东南2-3级,15.0,2
2014-10-29,14,16,多云,东南2-3级,东南2-3级,15.0,2
2014-10-30,15,18,晴~阵雨,东北偏东3-4级,东北偏东3-4级,16.5,3
2014-10-31,2,15,晴~阴,东北1-2级,东北1-2级,8.5,13
2014-09-01,20,25,多云,,,22.5,5
2014-09-02,20,25,多云,,,22.5,5
2014-09-03,20,25,多云,,,22.5,5
2014-09-04,20,25,多云,,,22.5,5
2014-09-05,20,25,多云,,,22.5,5
2014-09-06,22,29,多云~阴,东3-4级,东3-4级,25.5,7
2014-09-07,19,24,阴~阵雨,东南2-3级,东南2-3级,21.5,5
2014-09-08,19,24,阴~阵雨,东南2-3级,东南2-3级,21.5,5
2014-09-09,14,19,,,,16.5,5
2014-09-10,20,27,多云,东北偏东3-4级,东北偏东3-4级,23.5,7
2014-09-11,20,27,多云,东北偏东3-4级,东北偏东3-4级,23.5,7
2014-09-12,20,23,多云,东3-4级,东3-4级,21.5,3
2014-09-13,20,23,多云,东3-4级,东3-4级,21.5,3
2014-09-14,21,27,多云,东3-4级,东3-4级,24.0,6
2014-09-15,21,27,多云,东3-4级,东3-4级,24.0,6
2014-09-16,21,27,多云,东3-4级,东3-4级,24.0,6
2014-09-17,21,27,多云,东3-4级,东3-4级,24.0,6
2014-09-18,18,27,多云~阴,东北偏东3-4级,东北偏东3-4级,22.5,9
2014-09-19,18,27,多云~阴,东北偏东3-4级,东北偏东3-4级,22.5,9
2014-09-20,18,27,多云~阴,东北偏东3-4级,东北偏东3-4级,22.5,9
2014-09-21,18,27,多云~阴,东北偏东3-4级,东北偏东3-4级,22.5,9
2014-09-22,21,25,小雨~雷阵雨,西北4-5级,西北4-5级,23.0,4
2014-09-23,21,25,小雨~雷阵雨,西北4-5级,西北4-5级,23.0,4
2014-09-24,20,27,多云,东南3-4级,东南3-4级,23.5,7
2014-09-25,20,27,多云,东南3-4级,东南3-4级,23.5,7
2014-09-26,21,28,多云~阴,东南3-4级,东南3-4级,24.5,7
2014-09-27,22,28,阴~阵雨,东南3-4级,东南3-4级,25.0,6
2014-09-28,22,28,阴~阵雨,东南3-4级,东南3-4级,25.0,6
2014-09-29,14,23,多云~阴,东北偏东3-4级,东北偏东3-4级,18.5,9
2014-09-30,14,23,多云~阴,东北偏东3-4级,东北偏东3-4级,18.5,9
